5;4;3;1;3;1;3;4;4;1;0;0;1;3;1;3;1;3;1;2;2;3;1;0;0;1;2;1;2;1;3;1;5;3;4;1;0;0;0;3;1;3;1;3;1;5;4;4;1;1;0;0;3;1;3;1;3;1;5;4;4;1;0;0;1;4;1;3;5;3;1;5;4;3;2;0;0;0;5;1;3;1;3;1;5;3;4;1;0;1;1;3;1;1;1;3;1;4;4;4;1;0;0;0;5;1;3;1;3;1;5;4;5;1;0;1;0;5;4;5;1;2;1;5;4;3;2;0;0;0;3;1;5;4;3;1;5;3;3;3;1;0;0;3;1;3;1;3;1;5;4;3;1;0;0;1;5;1;5;1;4;1;5;4;4;1;0;1;1;3;1;5;1;3;1;5;4;4;1;0;1;0;5;4;3;3;3;5;3;4;3;2;0;1;1;5;1;3;1;3;4;4;4;4;1;1;0;1;5;1;3;5;3;1;5;5;3;1;0;0;1;5;1;2;1;3;5;4;4;4;1;1;0;1;1;1;2;5;2;2;3;1;60.0;41.0;0.594059406
5;4;3;1;3;1;3;4;4;1;0;0;1;3;1;3;1;3;1;2;2;3;1;0;0;1;2;1;2;1;3;1;5;3;4;1;0;0;0;3;1;3;1;3;1;5;4;4;1;1;0;0;3;1;3;1;3;1;5;4;4;1;0;0;1;4;1;3;5;3;1;5;4;3;2;0;0;0;5;1;3;1;3;1;5;3;4;1;0;1;1;3;1;1;1;3;1;4;4;4;1;0;0;0;5;1;3;1;3;1;5;4;5;1;0;1;0;5;4;5;1;2;1;5;4;3;2;0;0;0;3;1;5;4;3;1;5;3;3;3;1;0;0;3;1;3;1;3;1;5;4;3;1;0;0;1;5;1;5;1;4;1;5;4;4;1;0;1;1;3;1;5;1;3;1;5;4;4;1;0;1;0;5;4;3;3;3;5;3;4;3;2;0;1;1;5;1;3;1;3;4;4;4;4;1;1;0;1;5;1;3;5;3;1;5;5;3;1;0;0;1;5;1;2;1;3;5;4;4;4;1;1;0;1;1;1;2;5;2;2;3;1;61.0;43.0;0.586538462
5;1;3;1;5;1;5;4;3;4;1;0;0;3;1;3;1;3;1;4;4;4;1;0;0;0;4;1;5;1;3;1;5;4;4;1;1;0;1;3;1;3;2;3;1;5;4;4;1;1;0;0;5;1;5;1;3;1;5;4;3;1;0;0;0;3;4;3;1;3;1;5;4;4;3;1;0;0;5;1;5;1;3;1;5;4;4;1;0;1;1;5;1;3;1;3;1;4;4;4;1;0;0;0;5;1;3;1;4;4;4;4;3;1;1;1;0;5;1;3;1;3;1;5;4;4;2;0;0;1;4;1;5;4;3;1;5;4;3;1;1;1;0;3;1;1;1;3;1;5;4;3;1;1;0;1;5;1;5;1;4;1;5;4;4;1;0;1;0;4;1;5;1;3;1;4;4;4;1;0;1;0;5;3;5;1;5;1;5;4;3;1;1;0;0;1;1;5;1;3;1;5;5;4;1;1;0;1;2;1;3;1;3;4;5;4;4;1;0;0;1;5;1;5;2;4;1;4;4;4;1;1;1;1;1;1;2;5;2;2;3;1;62.0;44.0;0.58490566
5;1;3;1;3;1;5;4;3;1;0;0;0;3;1;5;1;3;4;5;2;3;3;1;0;1;3;1;5;1;3;1;4;2;4;1;0;0;0;5;3;3;1;3;1;5;4;2;1;0;0;0;5;1;1;5;3;1;5;4;3;1;0;0;0;5;1;3;1;3;1;4;4;4;1;0;0;0;5;1;3;4;5;1;4;4;3;1;0;1;0;5;3;5;2;3;1;4;4;4;1;0;1;0;5;1;5;1;4;1;5;4;3;1;0;1;1;5;1;2;1;5;1;5;4;3;2;0;0;1;5;1;5;1;3;1;5;4;3;2;1;0;0;2;1;5;1;2;4;5;4;3;1;1;0;1;3;5;3;1;3;1;5;5;4;1;0;1;0;5;1;5;4;3;1;5;4;3;1;0;0;0;5;1;3;1;3;1;5;4;3;1;0;0;0;5;1;5;1;3;1;4;4;4;1;1;1;1;5;1;5;1;3;1;5;4;3;1;0;0;1;5;1;5;1;3;5;5;2;3;1;0;1;0;1;4;2;5;2;2;3;2;62.0;45.0;0.579439252
5;1;3;2;2;1;5;4;3;4;0;0;0;3;1;3;1;4;1;5;4;3;3;0;0;0;2;1;5;1;3;1;5;4;2;1;0;0;0;3;1;3;1;3;1;5;4;3;1;1;0;0;5;1;5;5;3;2;5;4;1;1;0;0;1;3;5;3;1;3;1;5;4;3;1;0;0;0;5;1;2;1;1;1;5;4;4;1;0;1;0;5;1;2;1;3;2;4;4;4;1;0;0;0;5;1;1;3;3;1;5;4;2;1;0;1;0;5;1;5;1;3;1;5;4;4;1;0;0;0;3;1;3;1;5;1;5;4;2;1;1;1;1;3;1;3;1;4;1;4;4;3;3;1;0;0;5;3;1;1;4;1;2;4;4;1;0;1;0;5;1;3;1;3;1;4;4;3;1;0;0;1;4;1;5;1;2;1;4;4;3;1;0;0;0;5;1;5;1;3;1;5;4;4;3;1;1;0;5;1;5;1;5;1;5;4;3;2;0;0;1;1;1;3;1;4;1;4;4;3;1;1;0;1;1;1;2;5;2;2;3;2;62.0;47.0;0.568807339
3;1;3;1;3;1;4;4;4;1;0;0;0;3;1;3;1;3;1;4;4;4;1;0;0;0;3;1;3;1;3;1;4;4;4;1;0;0;0;3;1;3;1;3;1;4;4;4;1;0;0;0;3;1;3;1;3;1;4;4;4;1;0;0;0;3;1;3;1;3;1;4;4;4;1;0;0;0;5;1;3;1;3;1;4;4;4;1;1;1;1;5;1;3;1;3;1;4;4;4;1;1;1;1;5;1;3;1;3;1;4;4;4;1;1;1;1;5;1;3;1;3;1;4;4;4;1;1;1;1;3;1;3;1;3;1;4;4;4;1;1;1;1;3;1;3;1;3;1;4;4;4;1;1;1;1;3;1;3;1;3;1;4;4;4;1;1;1;1;3;1;3;1;3;1;4;4;4;1;1;1;1;5;1;3;1;3;1;4;4;4;1;1;1;1;5;1;3;1;3;1;4;4;4;1;1;1;1;5;1;3;1;3;1;4;4;4;1;1;1;1;5;1;3;1;3;1;4;4;4;1;1;1;1;1;1;2;5;2;2;3;2;201.0;157.0;0.5614525139664804
5;1;3;1;5;3;5;4;4;1;0;0;0;3;1;3;1;3;1;4;4;3;1;0;0;0;5;1;3;1;2;1;5;4;4;1;1;0;1;5;1;2;2;3;1;5;4;4;1;1;0;0;3;1;5;1;2;1;5;4;4;1;0;1;0;5;3;3;1;3;1;5;4;4;1;0;0;0;5;5;5;1;2;1;4;4;4;1;1;1;1;5;4;3;1;3;1;4;4;4;1;0;0;0;5;1;5;1;4;1;5;4;3;1;1;1;0;5;1;5;1;4;1;5;4;3;1;0;0;0;5;3;5;4;3;1;4;4;3;5;1;0;0;3;1;1;1;3;1;5;4;4;1;1;1;1;5;1;5;1;3;1;5;4;3;1;0;0;1;4;1;5;1;3;1;4;4;3;1;0;1;0;4;3;5;1;3;1;4;4;3;1;0;1;0;1;1;3;1;3;1;5;4;4;1;0;1;0;5;1;5;1;3;1;5;4;4;1;0;1;1;5;1;5;1;3;1;4;4;4;1;0;1;0;1;1;3;5;2;2;3;2;55.0;43.0;0.56122449
3;1;3;1;3;3;5;1;3;4;0;0;0;3;1;3;1;3;1;5;4;4;3;0;0;1;3;1;3;1;5;1;5;4;4;1;0;0;0;3;1;5;1;3;1;5;4;3;1;1;0;0;3;1;5;1;3;2;5;4;5;1;0;0;0;3;5;5;1;3;1;5;4;4;1;0;0;0;5;1;5;1;3;1;5;4;3;1;1;1;0;5;4;3;3;3;3;4;4;1;1;1;0;0;5;1;5;3;3;1;5;4;3;1;1;1;0;5;1;5;1;5;1;5;4;3;1;0;0;1;5;1;3;1;3;1;4;4;3;1;0;0;1;2;1;3;1;3;2;2;4;3;1;0;0;0;5;1;5;1;4;1;5;4;3;1;1;1;0;3;1;3;1;3;1;4;4;3;1;0;1;0;5;1;5;5;3;1;5;4;3;1;1;0;0;5;1;5;1;3;5;4;4;4;1;1;0;0;5;1;5;1;3;4;5;4;3;2;0;0;1;1;1;3;1;3;1;4;4;4;1;1;1;1;1;1;2;5;2;2;2;2;58.0;47.0;0.552380952
3;1;3;1;3;3;5;1;3;1;0;0;1;3;1;3;1;4;1;5;4;3;3;0;0;0;2;1;5;1;5;1;5;4;4;4;0;0;0;3;1;3;1;3;3;5;4;4;1;1;0;0;3;1;5;1;3;2;5;4;5;1;0;0;0;5;1;5;1;3;1;5;4;4;1;0;1;0;5;1;5;1;3;1;5;4;3;1;1;1;0;5;4;3;3;3;3;4;4;1;1;1;0;0;5;1;3;3;3;1;5;4;3;1;1;1;1;5;1;3;1;5;1;5;1;3;1;0;0;1;5;1;3;1;3;1;5;4;3;1;0;0;0;2;1;3;1;3;2;2;4;3;1;0;1;0;5;1;1;1;4;2;5;4;4;1;0;1;0;3;1;5;1;3;1;5;4;3;1;0;1;0;5;3;5;1;3;1;5;4;4;1;1;0;0;2;1;3;1;3;1;4;4;4;1;1;0;0;5;1;5;1;3;4;5;4;3;2;0;1;1;5;1;5;1;3;1;4;3;4;1;1;1;1;1;1;2;5;2;2;3;1;59.0;48.0;0.551401869
3;1;3;1;3;1;3;4;3;1;0;0;0;3;1;3;1;3;1;5;4;3;1;1;1;0;3;1;3;1;3;1;4;4;4;1;0;0;0;3;1;5;1;3;1;5;4;4;1;0;0;0;3;1;5;1;3;1;5;4;3;1;0;1;0;5;1;4;5;3;1;5;4;4;1;0;0;0;5;1;3;1;3;1;5;4;3;1;1;1;1;5;1;5;1;3;1;5;4;4;1;0;0;0;5;1;5;3;4;1;5;4;3;1;1;1;1;1;1;3;1;4;1;4;4;3;1;0;0;1;5;1;2;1;3;1;5;4;3;1;1;1;0;2;1;5;1;3;1;5;4;3;1;0;1;1;5;5;5;1;4;1;5;4;3;1;0;1;1;5;1;3;1;3;1;5;4;3;1;0;1;0;5;1;3;1;2;1;5;4;4;1;0;1;0;1;1;5;1;3;1;4;4;2;5;0;1;1;5;1;5;1;3;4;5;4;3;2;0;0;0;5;1;4;1;3;5;5;4;4;1;0;0;0;1;1;2;5;2;2;3;1;62.0;51.0;0.548672566
5;1;3;1;5;1;5;4;4;4;0;0;1;3;1;3;1;3;1;4;4;4;1;0;0;0;4;1;5;1;2;1;5;4;4;1;1;0;1;3;1;3;2;3;1;5;4;4;1;1;0;0;4;1;5;5;2;1;4;4;3;1;0;0;0;3;3;3;1;3;1;5;4;4;3;1;0;0;5;5;5;1;3;1;5;4;4;1;0;1;1;5;1;3;1;3;1;4;4;4;1;0;0;0;5;1;3;1;4;1;2;4;3;1;1;1;0;5;1;3;1;3;1;5;4;3;2;0;0;1;4;1;5;4;3;1;5;1;3;1;1;1;0;3;1;1;1;3;4;5;4;3;1;1;1;1;5;1;5;1;3;1;5;4;3;1;0;1;0;4;1;5;4;3;1;4;4;4;1;0;1;0;5;3;5;1;5;1;5;4;3;1;0;0;0;1;1;3;1;3;1;4;5;4;1;1;0;1;5;1;3;1;3;1;5;4;4;1;0;0;1;5;1;5;1;4;3;4;4;4;1;1;1;1;1;1;2;5;2;2;2;1;62.0;51.0;0.548672566
5;1;3;1;3;1;4;4;4;1;0;0;1;3;1;3;5;3;3;5;4;3;1;0;0;0;4;1;5;1;3;1;4;4;4;1;0;0;0;4;1;4;2;3;1;1;4;2;1;1;0;0;5;1;1;1;1;1;4;4;4;1;0;0;1;5;1;3;1;3;1;5;4;4;2;0;0;0;5;1;5;1;3;1;5;4;4;1;1;1;0;5;1;5;1;3;1;4;4;4;1;1;0;0;5;1;5;1;3;1;5;4;3;1;0;1;0;5;1;5;5;2;1;5;4;3;1;0;0;1;3;1;5;1;3;3;1;4;3;1;1;1;0;3;1;5;1;3;1;4;4;3;1;0;1;1;5;1;5;1;4;1;5;4;4;1;1;1;0;5;1;3;1;3;1;4;4;5;1;0;0;0;5;1;3;1;5;1;5;4;5;1;0;0;0;5;1;5;1;3;1;4;4;3;1;1;0;0;5;1;3;1;3;1;5;5;4;1;0;0;1;5;1;5;1;3;1;4;4;3;1;1;1;0;1;4;2;5;2;2;3;2;66.0;55.0;0.545454545
5;1;3;1;3;5;4;4;5;1;0;0;0;3;1;3;5;3;1;5;4;3;1;1;0;0;4;1;5;1;3;1;4;4;4;1;0;0;0;4;1;4;2;3;1;1;4;4;1;1;1;0;4;1;5;1;3;1;4;2;4;1;0;0;0;5;1;3;1;3;1;4;4;4;2;1;0;0;5;1;5;1;3;1;5;4;3;1;1;1;1;1;1;5;1;3;1;4;4;4;1;1;0;1;5;1;3;1;3;1;5;4;3;1;0;1;0;5;1;5;1;4;1;5;4;3;1;1;0;1;4;1;5;4;3;1;5;4;3;1;1;0;0;2;1;3;1;3;1;4;4;3;2;0;1;0;5;1;5;1;5;1;5;4;3;1;0;1;0;5;1;5;1;3;1;4;4;3;1;0;0;0;1;1;5;5;3;1;5;4;4;1;0;0;0;1;1;5;1;3;3;5;4;3;1;1;0;1;3;1;3;1;3;4;5;5;4;1;0;0;1;5;1;5;1;3;1;4;4;3;1;1;1;0;1;1;2;5;2;2;3;2;60.0;50.0;0.545454545
5;1;3;1;3;4;2;4;4;1;1;0;0;1;1;3;5;3;3;5;4;3;1;0;0;1;5;5;5;1;3;1;5;4;4;1;0;0;0;3;1;5;1;1;1;5;4;4;1;1;0;0;5;1;4;1;3;1;4;2;3;1;0;0;0;3;1;3;1;3;1;5;4;3;1;0;0;0;1;1;5;1;4;1;5;4;3;3;1;1;0;5;1;3;1;3;1;4;4;4;1;0;0;0;5;1;5;1;4;1;4;4;3;1;0;0;1;4;1;5;1;3;1;4;1;3;2;0;0;1;4;5;5;3;3;1;4;4;4;4;1;0;1;3;1;5;1;3;1;4;4;4;1;1;1;0;5;4;5;1;3;1;5;4;3;1;0;0;1;3;1;5;1;3;1;5;4;4;1;0;1;0;5;1;5;1;3;1;3;4;3;1;0;1;0;1;1;3;5;3;1;4;4;4;1;0;1;1;5;5;3;1;3;1;5;4;1;1;0;0;1;1;1;5;1;3;1;4;4;3;1;0;1;1;1;1;2;5;2;2;3;2;52.0;44.0;0.541666667
3;1;3;1;3;1;3;4;3;1;0;0;0;1;3;3;1;3;1;5;4;3;1;1;0;0;5;1;5;1;2;1;4;4;4;5;1;0;0;3;1;5;1;1;1;5;4;3;1;0;0;1;3;1;5;1;3;1;5;4;3;1;0;0;0;5;1;2;5;3;1;5;4;4;1;0;0;0;5;1;3;1;3;1;5;4;3;1;1;1;1;5;1;5;5;3;1;5;4;4;1;0;0;0;5;1;5;1;4;3;5;4;3;1;1;1;1;1;1;5;1;4;1;4;4;3;1;0;0;0;5;1;2;3;3;1;1;4;3;1;1;1;0;2;1;5;1;3;1;5;4;3;2;1;1;1;5;5;5;1;4;1;4;4;3;1;0;1;1;5;1;3;1;3;1;5;4;5;1;0;1;0;5;1;3;1;3;1;5;4;3;1;0;0;0;1;1;5;1;3;4;2;5;4;1;0;1;1;5;1;5;1;3;4;5;4;3;1;0;0;0;5;1;4;1;3;5;4;4;4;1;0;0;0;1;1;2;5;2;2;3;2;170.0;145.0;0.5396825396825397
5;1;3;1;3;3;3;4;4;4;0;0;0;3;1;3;5;3;1;5;4;3;3;0;1;0;3;1;3;1;3;1;4;4;4;1;0;0;0;3;1;3;1;3;1;5;4;4;1;0;0;0;3;1;5;1;3;1;5;4;4;1;0;0;1;5;1;3;1;3;4;4;4;4;1;0;0;0;5;1;3;1;3;1;5;4;3;1;1;1;0;3;1;5;1;3;1;5;4;4;1;0;1;0;5;1;5;1;4;2;5;4;3;1;1;1;1;4;4;3;1;4;1;5;4;3;2;0;0;1;3;5;5;1;4;1;5;4;3;1;0;1;0;2;1;5;1;3;1;5;4;3;1;0;0;0;3;5;5;1;3;1;5;4;3;1;0;0;1;5;1;3;1;3;1;4;4;3;1;0;1;0;5;1;3;1;5;1;5;4;3;1;0;1;1;5;1;5;1;3;1;4;4;4;1;1;1;1;5;1;3;1;3;4;5;4;4;1;0;0;0;5;1;4;1;3;5;5;4;4;1;0;1;1;1;1;2;5;2;2;3;1;56.0;48.0;0.538461538
5;1;3;1;5;1;5;4;3;4;1;0;0;3;1;3;1;3;1;4;4;4;1;0;0;0;4;1;5;1;3;1;5;4;4;1;1;0;1;3;1;3;2;3;1;5;4;4;1;1;0;0;5;1;5;1;3;1;5;4;3;1;0;0;0;3;4;3;1;3;1;5;4;4;3;1;0;0;5;1;5;1;3;1;5;4;4;1;0;1;1;5;1;3;1;3;1;4;4;4;1;0;0;0;5;1;3;1;4;4;4;4;3;1;1;1;0;5;1;3;1;3;1;5;4;4;2;0;0;1;4;1;5;4;3;1;5;4;3;1;1;1;0;3;1;1;1;3;1;5;4;3;1;1;0;1;5;1;5;1;4;1;5;4;4;1;0;1;0;4;1;5;1;3;1;4;4;4;1;0;1;0;5;3;5;1;5;1;5;4;3;1;1;0;0;1;1;5;1;3;1;5;5;4;1;1;0;1;2;1;3;1;3;4;5;4;4;1;0;0;1;5;1;5;2;4;1;4;4;4;1;1;1;1;1;1;2;5;2;2;3;1;56.0;48.0;0.538461538
4;1;3;1;3;3;5;4;4;1;0;0;0;3;1;3;1;3;1;5;2;3;1;1;0;0;3;3;5;1;3;1;4;4;4;1;0;0;0;5;1;5;1;3;1;5;4;4;1;0;0;0;5;1;5;1;3;1;5;2;4;1;0;0;0;5;1;3;1;3;1;4;4;4;2;1;0;0;5;1;5;1;3;1;5;4;3;1;1;0;1;5;2;3;1;3;1;4;4;4;1;0;0;0;5;1;3;1;3;1;5;4;3;1;0;0;0;5;4;5;1;3;1;4;4;4;1;1;0;1;3;1;5;4;3;1;4;4;3;1;1;0;0;2;1;5;1;3;1;4;4;4;1;0;0;0;5;1;5;1;3;1;4;4;4;1;0;1;0;5;1;5;1;3;1;4;4;3;1;0;0;0;5;1;5;3;3;1;5;4;4;1;1;0;0;5;1;5;1;3;1;5;5;3;1;1;0;1;5;3;3;1;3;1;5;5;4;1;0;0;1;5;1;5;1;3;1;4;4;3;1;1;1;1;1;1;2;5;2;2;3;1;58.0;50.0;0.537037037
5;1;3;1;3;3;3;4;4;4;0;0;0;3;1;3;5;3;1;5;4;3;3;0;1;0;3;1;3;1;3;1;4;4;4;1;0;0;0;3;1;3;1;3;1;5;4;4;1;0;0;0;3;1;5;1;3;1;5;4;4;1;0;0;1;5;1;3;1;3;4;4;4;4;1;0;0;0;5;1;3;1;3;1;5;4;3;1;1;1;0;3;1;5;1;3;1;5;4;4;1;0;1;0;5;1;5;1;4;2;5;4;3;1;1;1;1;4;4;3;1;4;1;5;4;3;2;0;0;1;3;5;5;1;4;1;5;4;3;1;0;1;0;2;1;5;1;3;1;5;4;3;1;0;0;0;3;5;5;1;3;1;5;4;3;1;0;0;1;5;1;3;1;3;1;4;4;3;1;0;1;0;5;1;3;1;5;1;5;4;3;1;0;1;1;5;1;5;1;3;1;4;4;4;1;1;1;1;5;1;3;1;3;4;5;4;4;1;0;0;0;5;1;4;1;3;5;5;4;4;1;0;1;1;1;1;2;5;2;2;3;1;51.0;44.0;0.536842105
3;1;3;1;3;1;3;4;3;1;0;0;0;3;1;3;1;3;1;5;4;3;1;1;1;0;3;1;3;1;3;1;4;4;4;1;0;0;0;3;1;5;1;3;1;5;4;4;1;0;0;0;3;1;5;1;3;1;5;4;3;1;0;1;0;5;1;4;5;3;1;5;4;4;1;0;0;0;5;1;3;1;3;1;5;4;3;1;1;1;1;5;1;5;1;3;1;5;4;4;1;0;0;0;5;1;5;3;4;1;5;4;3;1;1;1;1;1;1;3;1;4;1;4;4;3;1;0;0;1;5;1;2;1;3;1;5;4;3;1;1;1;0;2;1;5;1;3;1;5;4;3;1;0;1;1;5;5;5;1;4;1;5;4;3;1;0;1;1;5;1;3;1;3;1;5;4;3;1;0;1;0;5;1;3;1;2;1;5;4;4;1;0;1;0;1;1;5;1;3;1;4;4;2;5;0;1;1;5;1;5;1;3;4;5;4;3;2;0;0;0;5;1;4;1;3;5;5;4;4;1;0;0;0;1;1;2;5;2;2;3;1;52.0;45.0;0.536082474
3;3;3;1;3;1;5;4;3;4;0;0;0;1;1;3;1;3;1;4;4;4;1;1;0;0;5;1;3;1;3;1;5;3;5;1;1;1;0;5;1;3;1;3;1;2;4;4;1;1;0;0;3;1;5;5;3;1;4;5;4;1;0;0;0;3;1;3;1;3;4;1;4;4;1;0;0;0;2;1;3;1;3;4;5;4;3;1;1;0;1;5;4;3;1;3;1;4;4;4;1;0;0;0;5;1;3;1;3;1;5;4;3;2;1;1;1;5;1;5;1;4;1;2;4;3;4;0;0;0;5;1;3;3;3;1;1;4;4;1;1;0;1;2;1;5;1;3;1;5;4;3;1;1;1;0;5;5;5;3;4;1;4;4;3;4;1;1;0;5;1;3;1;3;3;5;4;3;1;0;1;0;5;1;2;1;3;2;5;4;3;1;0;0;0;5;1;3;1;3;2;2;4;4;2;0;1;1;5;1;5;1;3;4;5;4;3;1;0;0;0;5;1;5;1;3;1;4;4;3;1;0;0;0;1;1;2;5;2;1;2;2;54.0;47.0;0.534653465
3;1;3;1;3;4;5;4;4;2;0;0;1;3;5;3;1;3;1;5;4;3;1;0;0;0;4;1;5;1;3;5;5;4;4;1;0;0;0;3;1;4;1;3;1;5;4;4;1;0;0;0;5;1;4;5;2;1;4;4;5;1;0;0;1;2;4;1;1;3;1;5;4;4;1;0;1;0;5;5;5;1;3;1;5;4;3;1;0;1;1;5;1;3;1;3;1;5;4;1;1;1;1;0;5;1;5;1;3;1;1;4;3;1;0;1;0;5;1;5;1;3;1;5;3;4;1;0;0;1;4;1;3;1;3;1;5;4;4;1;0;1;1;3;1;3;1;3;4;4;4;4;3;0;1;0;5;3;5;1;3;1;5;4;4;2;0;1;1;3;1;3;1;3;1;5;3;3;1;0;1;1;1;1;5;1;3;1;5;4;3;1;0;0;0;1;1;5;1;3;1;4;5;4;1;1;0;0;5;3;3;1;3;1;5;4;3;1;0;1;1;1;1;5;1;4;1;4;4;4;1;1;1;1;1;1;2;5;2;2;3;1;48.0;42.0;0.533333333
5;1;3;1;3;1;5;4;4;4;0;0;0;3;1;3;1;3;1;4;4;3;1;0;0;0;3;1;3;1;3;1;4;3;4;3;0;0;0;5;1;3;1;3;5;5;4;4;1;0;0;0;5;1;3;5;3;1;5;5;1;1;0;0;0;5;1;3;1;3;1;5;4;4;1;1;0;0;2;1;5;1;3;1;5;4;4;1;1;1;1;5;1;3;1;3;1;4;4;4;1;0;0;0;5;1;5;1;3;1;2;4;3;1;1;1;1;3;1;5;1;2;1;4;4;4;1;0;0;0;5;1;3;3;3;1;4;4;4;3;1;0;0;3;1;5;1;2;1;5;4;4;1;1;1;0;5;1;5;1;3;1;5;3;4;4;1;1;1;4;1;3;1;3;1;4;4;3;1;0;0;0;5;1;2;1;3;1;4;4;4;1;0;0;0;5;1;5;1;3;1;4;5;4;2;0;0;1;5;1;3;1;3;1;5;4;3;1;0;0;0;5;1;3;1;3;1;4;4;3;1;1;1;0;1;1;2;5;2;2;2;2;49.0;43.0;0.532608696
3;1;3;1;3;1;5;1;4;1;0;0;0;5;1;3;1;3;1;4;4;4;1;0;0;0;3;1;5;1;3;1;5;3;4;1;0;0;0;5;1;3;1;3;1;5;3;4;1;0;0;0;5;1;3;1;3;1;4;4;3;1;1;0;0;5;1;3;1;3;1;5;4;4;1;0;1;0;2;1;5;1;3;1;5;4;3;3;0;1;0;5;1;5;3;3;1;4;4;4;1;1;0;0;5;1;5;1;3;1;2;4;3;1;1;1;0;5;1;3;1;3;1;5;3;3;1;1;0;0;5;1;2;1;3;1;5;4;3;1;1;0;1;2;1;5;1;3;2;5;4;4;1;0;1;0;3;1;5;1;3;2;4;4;4;4;0;1;0;4;1;3;1;3;1;5;4;3;1;0;1;0;5;1;3;1;3;1;5;4;4;1;0;1;0;2;1;3;1;3;1;4;4;3;2;1;1;1;5;1;3;1;3;1;5;4;3;1;0;0;0;5;1;3;4;3;1;4;2;3;1;0;1;1;1;1;2;2;2;2;3;2;56.0;50.0;0.528301887
4;1;3;1;3;1;5;4;4;1;1;0;1;3;1;5;1;3;3;5;4;3;1;1;1;1;4;1;5;1;5;1;5;4;4;1;1;2;1;4;1;4;2;3;1;5;4;4;1;1;0;0;4;1;4;3;2;1;5;4;3;1;0;0;1;4;1;3;1;3;1;5;4;4;2;1;0;1;5;1;5;1;3;1;5;4;4;2;0;1;0;5;1;3;1;3;1;4;4;4;1;0;0;0;5;1;5;1;4;1;5;4;3;1;1;1;1;5;1;5;1;4;1;5;4;3;2;0;0;0;4;1;5;1;3;3;5;4;3;1;1;0;0;4;1;5;1;3;1;4;4;3;1;0;1;0;5;1;5;1;4;1;5;4;4;1;0;0;1;4;1;4;1;3;1;5;4;3;1;0;1;0;5;1;4;1;5;1;5;4;4;1;1;0;0;5;1;5;1;3;1;4;4;4;1;0;0;1;5;1;4;1;3;1;5;4;4;1;0;0;1;5;1;4;1;4;1;4;4;4;1;0;1;0;1;1;2;5;2;2;3;1;179.0;161.0;0.5264705882352941
5;1;3;1;5;1;5;4;3;4;1;0;0;3;1;3;1;3;1;4;4;4;1;0;0;0;4;1;5;1;3;1;5;4;4;1;1;0;1;3;1;3;2;3;1;5;4;4;1;1;0;0;5;1;5;1;3;1;5;4;3;1;0;0;0;3;4;3;1;3;1;5;4;4;3;1;0;0;5;1;5;1;3;1;5;4;4;1;0;1;1;5;1;3;1;3;1;4;4;4;1;0;0;0;5;1;3;1;4;4;4;4;3;1;1;1;0;5;1;3;1;3;1;5;4;4;2;0;0;1;4;1;5;4;3;1;5;4;3;1;1;1;0;3;1;1;1;3;1;5;4;3;1;1;0;1;5;1;5;1;4;1;5;4;4;1;0;1;0;4;1;5;1;3;1;4;4;4;1;0;1;0;5;3;5;1;5;1;5;4;3;1;1;0;0;1;1;5;1;3;1;5;5;4;1;1;0;1;2;1;3;1;3;4;5;4;4;1;0;0;1;5;1;5;2;4;1;4;4;4;1;1;1;1;1;1;2;5;2;2;3;1;59.0;54.0;0.522123894
5;3;3;1;3;3;5;4;4;4;1;0;0;4;1;3;1;3;1;4;4;3;1;0;0;0;4;1;3;1;2;1;5;3;4;5;1;0;1;5;1;3;2;3;1;5;4;4;1;0;0;0;4;1;5;1;2;1;5;4;3;1;0;0;0;5;3;3;1;3;4;5;4;4;1;0;0;0;5;5;5;1;3;1;4;4;2;5;1;1;0;5;4;3;1;3;1;5;4;4;1;1;1;0;5;1;3;1;4;1;2;4;3;4;1;1;0;5;1;5;1;4;1;5;4;3;2;0;0;0;5;1;5;1;3;1;4;4;3;5;1;1;0;3;1;1;1;3;4;5;4;4;1;1;1;0;1;1;5;1;3;1;5;4;3;1;0;0;0;4;1;5;4;3;4;4;4;3;1;0;1;0;5;3;3;1;5;1;4;4;4;1;0;0;0;5;1;3;1;3;1;5;4;4;4;1;1;0;5;1;3;1;5;1;5;4;4;1;0;1;1;5;1;5;1;4;1;4;4;3;1;0;1;1;1;1;2;5;2;2;2;1;52.0;48.0;0.52
4;5;3;1;3;1;5;4;4;1;0;0;1;3;1;5;1;3;1;5;4;4;3;1;0;1;3;1;3;1;3;1;4;2;4;1;0;0;0;5;1;4;2;3;1;5;4;4;4;0;0;0;5;1;3;5;3;1;5;4;3;1;0;0;0;3;1;3;1;3;1;4;3;5;1;0;0;0;5;5;5;4;3;1;4;4;3;1;0;1;1;5;2;3;1;3;1;4;4;4;1;1;0;0;5;4;3;5;3;1;5;4;3;1;1;1;0;5;1;5;2;5;1;5;4;3;1;0;1;1;5;1;5;1;3;1;5;1;4;1;1;1;0;2;1;5;1;2;4;5;4;3;3;1;0;1;5;1;1;1;3;1;5;4;4;1;0;1;0;4;1;3;4;3;1;5;4;3;1;0;1;0;5;1;2;1;3;1;3;4;3;1;0;0;0;1;1;5;1;3;5;5;4;4;2;0;0;1;5;1;3;1;3;1;5;4;3;1;1;0;1;5;1;5;1;3;2;2;4;3;1;0;1;0;1;1;2;5;2;2;3;2;54.0;50.0;0.519230769
5;1;3;2;2;1;5;4;3;4;0;0;0;3;1;3;1;4;1;5;4;3;3;0;0;0;2;1;5;1;3;1;5;4;2;1;0;0;0;3;1;3;1;3;1;5;4;3;1;1;0;0;5;1;5;5;3;2;5;4;1;1;0;0;1;3;5;3;1;3;1;5;4;3;1;0;0;0;5;1;2;1;1;1;5;4;4;1;0;1;0;5;1;2;1;3;2;4;4;4;1;0;0;0;5;1;1;3;3;1;5;4;2;1;0;1;0;5;1;5;1;3;1;5;4;4;1;0;0;0;3;1;3;1;5;1;5;4;2;1;1;1;1;3;1;3;1;4;1;4;4;3;3;1;0;0;5;3;1;1;4;1;2;4;4;1;0;1;0;5;1;3;1;3;1;4;4;3;1;0;0;1;4;1;5;1;2;1;4;4;3;1;0;0;0;5;1;5;1;3;1;5;4;4;3;1;1;0;5;1;5;1;5;1;5;4;3;2;0;0;1;1;1;3;1;4;1;4;4;3;1;1;0;1;1;1;2;5;2;2;3;2;57.0;53.0;0.518181818
3;1;3;1;3;1;5;1;3;4;1;0;0;3;1;5;1;3;1;4;4;3;1;0;0;0;1;1;3;1;2;3;5;3;4;1;0;0;1;3;1;3;1;1;1;5;4;3;1;0;0;0;3;1;5;5;3;1;4;5;3;1;0;0;1;5;1;3;1;3;1;5;4;4;1;0;0;0;2;1;3;1;3;1;5;4;3;1;1;1;0;5;1;3;3;3;3;5;4;1;1;1;1;1;5;1;5;1;3;1;2;4;3;1;1;1;0;5;1;5;1;4;1;4;4;3;2;0;0;0;5;1;2;1;3;1;5;4;3;1;1;0;1;4;1;5;1;3;1;5;4;4;1;0;1;0;5;1;5;1;3;1;4;4;3;1;0;0;0;4;1;5;1;3;1;5;4;3;1;0;0;0;5;1;2;1;3;1;5;4;3;1;0;0;1;5;1;5;1;3;1;5;5;4;1;1;0;1;5;1;5;1;3;1;5;4;3;1;0;0;0;1;1;5;1;3;1;4;4;4;1;0;1;1;1;1;2;5;2;2;3;2;58.0;54.0;0.517857143
5;1;3;1;3;1;5;4;4;4;0;0;0;3;1;3;1;3;1;4;4;3;1;0;0;0;3;1;3;1;3;1;4;3;4;3;0;0;0;5;1;3;1;3;5;5;4;4;1;0;0;0;5;1;3;5;3;1;5;5;1;1;0;0;0;5;1;3;1;3;1;5;4;4;1;1;0;0;2;1;5;1;3;1;5;4;4;1;1;1;1;5;1;3;1;3;1;4;4;4;1;0;0;0;5;1;5;1;3;1;2;4;3;1;1;1;1;3;1;5;1;2;1;4;4;4;1;0;0;0;5;1;3;3;3;1;4;4;4;3;1;0;0;3;1;5;1;2;1;5;4;4;1;1;1;0;5;1;5;1;3;1;5;3;4;4;1;1;1;4;1;3;1;3;1;4;4;3;1;0;0;0;5;1;2;1;3;1;4;4;4;1;0;0;0;5;1;5;1;3;1;4;5;4;2;0;0;1;5;1;3;1;3;1;5;4;3;1;0;0;0;5;1;3;1;3;1;4;4;3;1;1;1;0;1;1;2;5;2;2;2;2;58.0;54.0;0.517857143
5;1;3;1;3;3;4;4;4;4;1;0;0;1;1;5;5;4;1;4;4;3;1;0;0;0;3;1;5;1;3;1;5;2;4;1;0;0;0;5;1;3;1;3;1;5;4;4;1;1;0;0;5;1;4;5;3;1;4;4;5;1;0;0;0;3;1;3;1;1;1;3;4;4;1;0;0;0;5;1;5;1;3;1;5;4;4;1;1;1;0;5;3;2;3;3;1;4;4;4;1;1;1;1;5;1;3;1;3;1;4;4;3;1;1;0;1;4;1;5;1;3;1;5;4;5;2;1;0;0;5;5;5;1;3;1;5;4;4;1;0;1;1;4;1;5;1;3;1;4;4;3;1;0;1;0;5;1;5;1;4;1;4;4;3;1;0;0;1;3;4;5;1;3;1;5;4;3;1;0;0;0;1;1;2;1;3;1;5;4;3;1;0;0;0;5;1;5;1;3;1;4;4;4;1;1;0;0;5;1;3;5;3;4;5;4;4;1;0;0;1;5;1;5;1;4;1;4;5;3;1;0;1;0;1;1;2;5;2;2;3;2;170.0;159.0;0.516717325
5;1;3;1;3;5;4;4;5;1;0;0;0;3;1;3;5;3;1;5;4;3;1;1;0;0;4;1;5;1;3;1;4;4;4;1;0;0;0;4;1;4;2;3;1;1;4;4;1;1;1;0;4;1;5;1;3;1;4;2;4;1;0;0;0;5;1;3;1;3;1;4;4;4;2;1;0;0;5;1;5;1;3;1;5;4;3;1;1;1;1;1;1;5;1;3;1;4;4;4;1;1;0;1;5;1;3;1;3;1;5;4;3;1;0;1;0;5;1;5;1;4;1;5;4;3;1;1;0;1;4;1;5;4;3;1;5;4;3;1;1;0;0;2;1;3;1;3;1;4;4;3;2;0;1;0;5;1;5;1;5;1;5;4;3;1;0;1;0;5;1;5;1;3;1;4;4;3;1;0;0;0;1;1;5;5;3;1;5;4;4;1;0;0;0;1;1;5;1;3;3;5;4;3;1;1;0;1;3;1;3;1;3;4;5;5;4;1;0;0;1;5;1;5;1;3;1;4;4;3;1;1;1;0;1;1;2;5;2;2;3;2;53.0;50.0;0.514563107
5;3;3;1;3;3;5;4;4;4;1;0;0;4;1;3;1;3;1;4;4;3;1;0;0;0;4;1;3;1;2;1;5;3;4;5;1;0;1;5;1;3;2;3;1;5;4;4;1;0;0;0;4;1;5;1;2;1;5;4;3;1;0;0;0;5;3;3;1;3;4;5;4;4;1;0;0;0;5;5;5;1;3;1;4;4;2;5;1;1;0;5;4;3;1;3;1;5;4;4;1;1;1;0;5;1;3;1;4;1;2;4;3;4;1;1;0;5;1;5;1;4;1;5;4;3;2;0;0;0;5;1;5;1;3;1;4;4;3;5;1;1;0;3;1;1;1;3;4;5;4;4;1;1;1;0;1;1;5;1;3;1;5;4;3;1;0;0;0;4;1;5;4;3;4;4;4;3;1;0;1;0;5;3;3;1;5;1;4;4;4;1;0;0;0;5;1;3;1;3;1;5;4;4;4;1;1;0;5;1;3;1;5;1;5;4;4;1;0;1;1;5;1;5;1;4;1;4;4;3;1;0;1;1;1;1;2;5;2;2;2;1;55.0;52.0;0.514018692
5;1;3;1;3;1;5;4;4;1;0;0;1;3;1;3;5;3;1;5;4;3;1;0;0;1;4;1;5;1;3;1;4;3;4;3;0;0;0;3;1;3;1;3;1;1;4;2;1;0;0;1;3;4;3;1;3;1;4;4;3;1;0;0;1;3;1;3;1;3;1;5;4;3;1;0;0;0;5;4;5;1;3;1;5;4;4;1;1;1;0;5;3;5;1;3;1;4;4;4;1;0;0;0;5;1;3;1;3;1;5;4;4;1;1;1;0;5;4;5;1;4;1;3;4;3;2;0;0;0;3;1;5;4;3;1;4;4;3;3;1;0;1;3;1;5;3;3;1;5;4;3;1;0;1;1;5;1;5;1;3;1;5;4;4;1;0;1;1;3;1;3;1;3;1;4;4;4;1;0;1;0;5;1;3;2;5;1;4;4;3;2;0;1;1;1;5;3;1;3;4;4;4;4;1;1;1;1;5;1;3;1;3;1;5;4;3;1;0;0;1;5;1;5;1;3;1;4;4;3;1;0;0;0;1;1;2;5;2;2;3;1;57.0;54.0;0.513513514
3;1;3;1;3;1;5;1;3;4;0;0;1;3;1;3;5;3;1;5;4;3;1;0;0;0;5;1;5;2;3;1;4;4;4;1;0;0;0;3;1;3;1;3;1;5;4;3;1;1;0;0;3;1;5;5;1;1;4;4;1;1;0;0;1;5;1;3;1;2;1;1;4;3;1;0;0;0;2;4;3;1;3;1;5;4;4;1;0;1;1;5;1;5;1;3;2;4;4;3;1;0;0;0;3;1;5;1;3;1;4;4;3;1;1;1;1;5;4;5;1;2;1;5;1;3;2;1;1;1;3;1;5;1;3;3;5;4;3;1;1;1;1;3;1;5;1;3;1;2;4;3;1;0;1;1;5;3;5;1;4;1;4;4;3;1;0;1;0;5;1;3;1;3;1;2;4;3;1;0;0;0;5;5;3;1;3;1;5;4;5;1;0;0;0;5;4;5;1;3;1;4;4;4;1;0;0;0;5;1;5;1;3;1;5;4;4;2;0;0;1;5;1;5;1;3;1;4;4;3;1;0;0;0;1;1;2;5;2;2;3;1;58.0;55.0;0.513274336
3;1;3;1;3;1;5;1;4;1;0;0;0;4;1;3;1;3;1;5;4;4;1;0;0;0;3;1;3;1;3;1;5;4;4;1;0;0;0;5;1;3;1;3;1;5;4;4;1;0;0;0;5;1;3;1;3;1;4;4;3;1;0;0;1;5;1;4;1;3;1;5;4;4;1;0;1;0;5;1;5;1;3;1;5;4;3;3;0;1;0;5;1;3;3;3;1;5;4;4;1;1;1;0;5;1;5;1;3;1;2;4;3;1;1;1;0;5;1;5;1;3;1;5;4;4;1;0;0;1;5;5;2;1;3;1;5;4;3;1;1;1;0;3;1;2;1;3;2;5;4;4;1;0;0;0;3;1;5;1;4;1;4;5;4;4;0;0;1;5;1;3;1;3;1;1;4;3;1;0;1;1;5;1;3;1;3;1;5;4;3;1;0;0;0;5;4;3;1;3;1;4;4;3;1;1;0;0;5;1;3;1;3;1;5;4;3;1;0;0;0;5;1;3;4;3;1;3;2;3;1;0;1;1;1;1;2;5;2;2;3;2;59.0;56.0;0.513043478
5;1;5;1;3;1;5;4;3;1;0;0;0;5;1;5;1;3;1;5;4;3;1;0;0;0;5;1;5;1;3;1;5;4;3;1;0;0;0;5;1;5;1;3;1;5;4;3;1;0;0;0;5;1;5;1;3;1;5;4;3;1;0;0;0;5;1;5;1;3;1;5;4;3;1;0;0;0;5;1;5;1;3;1;5;4;3;1;0;0;0;5;1;5;1;3;1;5;4;3;1;0;0;0;5;1;5;1;3;1;5;4;3;1;0;0;0;5;1;5;1;3;1;5;4;3;1;0;0;0;5;1;5;1;3;1;5;4;3;1;0;0;0;5;1;5;1;3;1;5;4;3;1;0;0;0;5;1;5;1;3;1;5;4;3;1;0;0;0;5;1;5;1;3;1;5;4;3;1;0;0;0;5;1;5;1;3;1;5;4;3;1;0;0;0;5;1;5;1;3;1;5;4;3;1;0;0;0;5;1;5;1;3;1;5;4;3;1;0;0;0;5;1;5;1;3;1;5;4;3;1;0;0;0;1;1;2;5;2;2;2;1;166.0;158.0;0.5123456790123457
3;1;3;1;4;3;5;1;3;4;0;0;0;3;1;3;1;3;1;5;4;4;5;0;0;1;5;1;3;1;3;1;5;4;4;1;0;0;0;3;1;5;2;3;1;3;4;3;1;1;0;0;3;1;5;1;3;2;5;4;5;1;0;0;0;3;5;5;1;3;1;5;4;4;1;0;0;0;5;1;5;3;3;1;2;4;3;3;1;1;0;5;4;3;1;3;1;4;4;3;1;1;0;0;5;1;5;1;3;1;5;4;3;1;1;1;0;5;1;5;1;5;1;4;1;3;1;0;1;0;5;1;3;1;3;4;4;4;3;1;1;1;0;2;1;3;2;3;2;2;5;3;1;1;0;0;5;3;5;1;3;1;5;4;4;2;0;1;0;5;1;3;1;3;1;4;4;3;1;1;1;0;5;1;5;5;3;1;3;4;3;1;1;1;0;2;1;3;1;3;5;4;4;4;1;1;1;0;5;1;5;5;3;4;5;4;3;2;0;1;1;1;1;3;1;3;1;4;4;3;1;1;1;1;1;1;2;5;2;2;2;2;170.0;162.0;0.512048193
5;1;3;1;3;3;4;4;4;4;1;0;0;1;1;5;5;4;1;4;4;3;1;0;0;0;3;1;5;1;3;1;5;2;4;1;0;0;0;5;1;3;1;3;1;5;4;4;1;1;0;0;5;1;4;5;3;1;4;4;5;1;0;0;0;3;1;3;1;1;1;3;4;4;1;0;0;0;5;1;5;1;3;1;5;4;4;1;1;1;0;5;3;2;3;3;1;4;4;4;1;1;1;1;5;1;3;1;3;1;4;4;3;1;1;0;1;4;1;5;1;3;1;5;4;5;2;1;0;0;5;5;5;1;3;1;5;4;4;1;0;1;1;4;1;5;1;3;1;4;4;3;1;0;1;0;5;1;5;1;4;1;4;4;3;1;0;0;1;3;4;5;1;3;1;5;4;3;1;0;0;0;1;1;2;1;3;1;5;4;3;1;0;0;0;5;1;5;1;3;1;4;4;4;1;1;0;0;5;1;3;5;3;4;5;4;4;1;0;0;1;5;1;5;1;4;1;4;5;3;1;0;1;0;1;1;2;5;2;2;3;2;50.0;48.0;0.510204082
5;1;3;2;2;1;5;4;3;4;0;0;0;3;1;3;1;4;1;5;4;3;3;0;0;0;2;1;5;1;3;1;5;4;2;1;0;0;0;3;1;3;1;3;1;5;4;3;1;1;0;0;5;1;5;5;3;2;5;4;1;1;0;0;1;3;5;3;1;3;1;5;4;3;1;0;0;0;5;1;2;1;1;1;5;4;4;1;0;1;0;5;1;2;1;3;2;4;4;4;1;0;0;0;5;1;1;3;3;1;5;4;2;1;0;1;0;5;1;5;1;3;1;5;4;4;1;0;0;0;3;1;3;1;5;1;5;4;2;1;1;1;1;3;1;3;1;4;1;4;4;3;3;1;0;0;5;3;1;1;4;1;2;4;4;1;0;1;0;5;1;3;1;3;1;4;4;3;1;0;0;1;4;1;5;1;2;1;4;4;3;1;0;0;0;5;1;5;1;3;1;5;4;4;3;1;1;0;5;1;5;1;5;1;5;4;3;2;0;0;1;1;1;3;1;4;1;4;4;3;1;1;0;1;1;1;2;5;2;2;3;2;52.0;50.0;0.509803922
3;1;3;1;3;1;5;1;3;4;0;0;1;3;1;3;5;3;1;5;4;3;1;0;0;0;5;1;5;2;3;1;4;4;4;1;0;0;0;3;1;3;1;3;1;5;4;3;1;1;0;0;3;1;5;5;1;1;4;4;1;1;0;0;1;5;1;3;1;2;1;1;4;3;1;0;0;0;2;4;3;1;3;1;5;4;4;1;0;1;1;5;1;5;1;3;2;4;4;3;1;0;0;0;3;1;5;1;3;1;4;4;3;1;1;1;1;5;4;5;1;2;1;5;1;3;2;1;1;1;3;1;5;1;3;3;5;4;3;1;1;1;1;3;1;5;1;3;1;2;4;3;1;0;1;1;5;3;5;1;4;1;4;4;3;1;0;1;0;5;1;3;1;3;1;2;4;3;1;0;0;0;5;5;3;1;3;1;5;4;5;1;0;0;0;5;4;5;1;3;1;4;4;4;1;0;0;0;5;1;5;1;3;1;5;4;4;2;0;0;1;5;1;5;1;3;1;4;4;3;1;0;0;0;1;1;2;5;2;2;3;1;53.0;51.0;0.509615385
4;1;3;1;3;1;3;4;4;4;0;0;0;3;1;3;1;3;1;5;4;2;3;0;0;0;3;1;3;1;3;1;4;4;4;1;0;0;0;5;1;3;1;3;1;5;4;4;1;0;0;0;3;1;5;1;3;1;5;4;4;2;0;0;1;3;3;3;1;3;1;4;4;4;2;0;0;0;5;1;5;1;5;1;5;4;3;1;1;1;1;5;3;3;1;3;1;4;4;4;1;0;1;0;5;1;5;1;4;2;5;4;3;1;0;0;1;5;4;5;1;3;1;5;4;2;2;0;0;1;1;5;5;1;3;3;4;4;3;1;0;1;0;2;1;5;1;3;1;4;4;3;1;0;0;0;3;5;5;1;3;1;4;4;5;1;0;1;0;5;1;3;1;3;1;5;4;3;1;0;0;0;5;1;5;1;5;1;5;4;4;1;1;1;1;5;1;5;1;3;1;1;4;4;1;1;0;1;5;1;3;1;3;4;5;4;3;1;0;0;0;5;1;5;1;5;5;3;2;4;1;0;1;1;1;1;2;5;2;2;3;1;57.0;55.0;0.508928571
5;1;3;1;3;3;3;4;4;1;0;0;1;1;3;5;5;3;1;5;5;3;3;0;1;0;5;1;5;1;2;1;4;2;4;1;0;0;0;3;1;3;2;3;1;5;4;4;1;1;0;0;3;5;5;5;3;2;2;4;5;1;1;0;0;3;1;3;1;3;5;4;4;4;1;0;1;1;5;1;5;1;3;1;5;4;3;1;1;0;0;5;4;3;3;3;1;4;4;1;3;0;0;1;5;5;5;1;4;1;5;4;3;1;1;1;1;5;1;5;1;4;1;5;3;3;1;0;0;1;5;1;3;3;3;5;5;4;3;1;1;0;0;2;1;2;1;3;1;5;4;3;1;0;1;0;5;1;1;1;4;1;4;4;3;2;0;1;0;3;1;5;1;3;1;5;4;4;1;0;1;0;5;3;5;1;5;1;5;5;2;1;1;1;0;2;1;3;1;3;1;4;3;4;2;0;0;0;5;4;5;1;3;4;3;4;3;1;0;0;1;5;1;5;1;3;1;4;3;4;1;1;1;0;2;4;2;5;3;2;3;2;147.0;142.0;0.5086505190311419
3;5;3;1;3;1;5;4;4;4;0;0;0;3;1;5;1;3;3;4;2;3;1;0;0;1;4;1;5;1;3;1;5;4;4;4;0;0;0;3;1;3;1;3;1;5;4;3;1;1;0;0;3;1;5;1;1;1;4;4;4;1;0;0;0;3;1;3;1;3;1;5;4;3;1;0;0;1;5;1;5;1;3;1;4;3;3;2;1;1;0;5;3;5;1;3;1;4;4;4;4;0;1;0;5;1;5;1;4;1;5;4;4;1;0;1;1;3;4;2;1;3;1;5;4;3;1;0;0;1;3;1;3;1;3;5;4;4;3;2;1;0;1;2;1;5;1;3;1;2;4;3;1;0;0;0;3;5;5;1;3;1;5;4;4;1;0;0;1;5;1;3;1;3;1;5;4;3;1;1;1;1;5;1;3;1;5;1;4;4;3;1;0;1;0;5;1;3;1;3;1;4;4;3;1;1;1;1;5;1;2;1;3;3;5;4;3;2;0;0;0;5;1;5;1;3;1;5;4;3;1;1;1;0;1;1;2;5;2;2;3;2;171.0;166.0;0.5074183976261127
5;1;3;1;3;1;2;4;4;1;1;0;0;1;1;3;1;1;3;5;4;3;1;0;0;1;5;1;2;1;3;1;4;4;4;1;0;1;0;3;3;5;1;1;1;5;4;4;1;1;0;0;5;1;4;1;3;1;4;2;3;1;1;0;0;3;1;3;1;3;1;5;5;4;1;0;0;0;1;1;5;1;4;1;5;4;4;3;1;1;0;5;1;3;3;3;1;4;4;4;1;0;0;0;5;1;5;1;4;1;4;4;3;1;1;0;1;4;1;5;1;3;1;5;1;3;1;0;0;1;4;5;5;3;3;1;4;4;4;1;1;0;1;5;1;5;1;3;1;5;4;4;1;1;1;0;5;4;5;1;3;1;5;4;3;1;0;0;1;3;1;5;1;3;1;5;4;4;1;0;1;0;5;1;1;1;3;1;3;4;3;1;0;1;0;5;1;3;5;3;1;4;4;3;1;1;1;1;5;5;3;1;3;1;5;4;3;1;0;0;1;1;1;3;1;3;1;4;4;3;1;0;1;1;1;1;3;5;2;2;3;2;46.0;45.0;0.505494505
5;1;3;1;3;3;5;4;4;4;0;0;0;3;1;3;1;1;1;4;4;3;3;0;0;0;3;1;1;1;3;1;5;4;4;1;0;0;0;3;1;5;1;3;1;5;4;3;1;0;0;0;3;1;1;1;1;1;4;4;3;1;1;0;1;3;1;3;1;2;1;4;4;4;1;1;0;0;5;1;5;1;3;1;5;4;4;1;1;1;1;5;4;3;1;3;3;4;4;4;1;1;1;0;5;1;5;1;3;1;5;4;3;1;0;1;0;5;1;3;1;3;1;4;4;3;2;0;0;1;5;5;3;1;3;2;4;1;3;1;1;0;0;3;1;3;1;3;1;5;4;3;1;1;1;1;5;3;3;1;3;1;4;4;5;1;0;1;0;3;4;3;4;3;1;3;4;3;1;0;1;0;3;1;3;1;3;1;5;4;3;1;0;0;0;5;1;3;1;3;5;4;4;4;1;1;0;0;5;1;3;1;3;1;5;4;3;1;1;0;1;5;4;5;2;4;1;4;4;3;1;0;1;1;1;2;2;5;1;2;2;1;49.0;48.0;0.505154639
5;1;3;1;5;1;5;4;3;4;0;0;1;3;1;3;5;3;1;5;4;3;1;0;0;0;2;1;5;1;3;1;4;3;4;3;0;0;0;3;1;5;1;3;1;5;4;4;1;0;0;0;3;1;3;1;2;1;5;2;4;1;0;0;0;2;1;3;1;3;1;5;4;4;1;1;0;0;5;1;5;1;3;5;5;4;4;1;1;1;1;5;1;3;1;1;3;4;4;4;1;0;0;0;5;1;5;1;4;1;4;4;3;1;0;1;1;5;3;5;1;2;1;5;4;4;2;0;0;0;3;1;3;3;3;1;4;4;3;3;1;1;0;3;1;5;1;3;1;5;4;3;1;1;1;0;5;1;5;1;3;1;5;4;4;1;1;1;1;5;1;3;2;3;1;1;4;3;1;0;0;1;5;1;5;5;5;1;4;4;3;1;1;1;0;1;1;5;1;3;1;4;5;4;1;0;0;1;5;1;2;1;3;1;5;4;3;5;0;0;1;1;1;3;1;3;1;4;4;4;1;1;0;0;1;1;2;5;2;2;3;2;50.0;49.0;0.505050505
5;1;3;1;3;3;4;4;4;4;1;0;0;1;1;5;5;4;1;4;4;3;1;0;0;0;3;1;5;1;3;1;5;2;4;1;0;0;0;5;1;3;1;3;1;5;4;4;1;1;0;0;5;1;4;5;3;1;4;4;5;1;0;0;0;3;1;3;1;1;1;3;4;4;1;0;0;0;5;1;5;1;3;1;5;4;4;1;1;1;0;5;3;2;3;3;1;4;4;4;1;1;1;1;5;1;3;1;3;1;4;4;3;1;1;0;1;4;1;5;1;3;1;5;4;5;2;1;0;0;5;5;5;1;3;1;5;4;4;1;0;1;1;4;1;5;1;3;1;4;4;3;1;0;1;0;5;1;5;1;4;1;4;4;3;1;0;0;1;3;4;5;1;3;1;5;4;3;1;0;0;0;1;1;2;1;3;1;5;4;3;1;0;0;0;5;1;5;1;3;1;4;4;4;1;1;0;0;5;1;3;5;3;4;5;4;4;1;0;0;1;5;1;5;1;4;1;4;5;3;1;0;1;0;1;1;2;5;2;2;3;2;53.0;52.0;0.504761905
5;1;3;1;3;1;5;4;3;1;0;0;0;3;1;5;1;3;4;5;2;3;3;1;0;1;3;1;5;1;3;1;4;2;4;1;0;0;0;5;3;3;1;3;1;5;4;2;1;0;0;0;5;1;1;5;3;1;5;4;3;1;0;0;0;5;1;3;1;3;1;4;4;4;1;0;0;0;5;1;3;4;5;1;4;4;3;1;0;1;0;5;3;5;2;3;1;4;4;4;1;0;1;0;5;1;5;1;4;1;5;4;3;1;0;1;1;5;1;2;1;5;1;5;4;3;2;0;0;1;5;1;5;1;3;1;5;4;3;2;1;0;0;2;1;5;1;2;4;5;4;3;1;1;0;1;3;5;3;1;3;1;5;5;4;1;0;1;0;5;1;5;4;3;1;5;4;3;1;0;0;0;5;1;3;1;3;1;5;4;3;1;0;0;0;5;1;5;1;3;1;4;4;4;1;1;1;1;5;1;5;1;3;1;5;4;3;1;0;0;1;5;1;5;1;3;5;5;2;3;1;0;1;0;1;4;2;5;2;2;3;2;159.0;158.0;0.501577287066246
3;1;3;1;3;1;3;4;3;1;0;0;0;1;3;3;1;3;1;5;4;3;1;1;0;0;5;1;5;1;2;1;4;4;4;5;1;0;0;3;1;5;1;1;1;5;4;3;1;0;0;1;3;1;5;1;3;1;5;4;3;1;0;0;0;5;1;2;5;3;1;5;4;4;1;0;0;0;5;1;3;1;3;1;5;4;3;1;1;1;1;5;1;5;5;3;1;5;4;4;1;0;0;0;5;1;5;1;4;3;5;4;3;1;1;1;1;1;1;5;1;4;1;4;4;3;1;0;0;0;5;1;2;3;3;1;1;4;3;1;1;1;0;2;1;5;1;3;1;5;4;3;2;1;1;1;5;5;5;1;4;1;4;4;3;1;0;1;1;5;1;3;1;3;1;5;4;5;1;0;1;0;5;1;3;1;3;1;5;4;3;1;0;0;0;1;1;5;1;3;4;2;5;4;1;0;1;1;5;1;5;1;3;4;5;4;3;1;0;0;0;5;1;4;1;3;5;4;4;4;1;0;0;0;1;1;2;5;2;2;3;2;58.0;58.0;0.5
3;1;3;1;3;1;5;4;4;1;0;0;1;3;1;5;5;3;1;5;4;3;3;0;0;0;4;1;5;1;3;1;4;2;4;1;0;0;0;3;1;4;1;3;1;5;4;3;1;0;1;1;4;1;4;1;2;1;5;4;3;1;0;0;0;3;1;3;1;3;1;4;3;4;1;0;1;0;5;5;5;4;3;1;4;4;3;1;0;1;1;5;1;3;1;3;1;5;4;4;1;0;0;1;5;1;3;1;3;1;5;4;3;1;1;1;0;5;1;5;1;3;1;5;4;3;2;0;1;1;5;1;5;4;2;1;5;4;3;1;1;1;1;2;1;5;1;3;4;5;4;4;1;0;1;1;5;1;5;1;3;1;5;4;4;1;0;1;1;4;1;5;4;3;1;5;4;3;1;1;0;0;5;1;2;1;3;1;3;4;3;1;0;0;0;1;1;5;1;3;1;4;5;4;1;0;0;1;5;1;3;1;3;1;5;4;1;1;1;0;1;1;1;5;1;3;2;4;4;3;1;0;1;0;1;1;2;5;2;2;3;1;48.0;48.0;0.5
4;1;3;1;3;1;3;4;4;4;0;0;0;3;1;3;1;3;1;5;4;2;3;0;0;0;3;1;3;1;3;1;4;4;4;1;0;0;0;5;1;3;1;3;1;5;4;4;1;0;0;0;3;1;5;1;3;1;5;4;4;2;0;0;1;3;3;3;1;3;1;4;4;4;2;0;0;0;5;1;5;1;5;1;5;4;3;1;1;1;1;5;3;3;1;3;1;4;4;4;1;0;1;0;5;1;5;1;4;2;5;4;3;1;0;0;1;5;4;5;1;3;1;5;4;2;2;0;0;1;1;5;5;1;3;3;4;4;3;1;0;1;0;2;1;5;1;3;1;4;4;3;1;0;0;0;3;5;5;1;3;1;4;4;5;1;0;1;0;5;1;3;1;3;1;5;4;3;1;0;0;0;5;1;5;1;5;1;5;4;4;1;1;1;1;5;1;5;1;3;1;1;4;4;1;1;0;1;5;1;3;1;3;4;5;4;3;1;0;0;0;5;1;5;1;5;5;3;2;4;1;0;1;1;1;1;2;5;2;2;3;1;48.0;48.0;0.5
5;1;3;1;3;1;2;4;4;1;1;0;0;1;1;3;1;1;3;5;4;3;1;0;0;1;5;1;2;1;3;1;4;4;4;1;0;1;0;3;3;5;1;1;1;5;4;4;1;1;0;0;5;1;4;1;3;1;4;2;3;1;1;0;0;3;1;3;1;3;1;5;5;4;1;0;0;0;1;1;5;1;4;1;5;4;4;3;1;1;0;5;1;3;3;3;1;4;4;4;1;0;0;0;5;1;5;1;4;1;4;4;3;1;1;0;1;4;1;5;1;3;1;5;1;3;1;0;0;1;4;5;5;3;3;1;4;4;4;1;1;0;1;5;1;5;1;3;1;5;4;4;1;1;1;0;5;4;5;1;3;1;5;4;3;1;0;0;1;3;1;5;1;3;1;5;4;4;1;0;1;0;5;1;1;1;3;1;3;4;3;1;0;1;0;5;1;3;5;3;1;4;4;3;1;1;1;1;5;5;3;1;3;1;5;4;3;1;0;0;1;1;1;3;1;3;1;4;4;3;1;0;1;1;1;1;3;5;2;2;3;2;46.0;46.0;0.5
3;1;3;1;3;1;5;4;4;1;0;0;1;3;1;5;5;3;1;5;4;3;3;0;0;0;4;1;5;1;3;1;4;2;4;1;0;0;0;3;1;4;1;3;1;5;4;3;1;0;1;1;4;1;4;1;2;1;5;4;3;1;0;0;0;3;1;3;1;3;1;4;3;4;1;0;1;0;5;5;5;4;3;1;4;4;3;1;0;1;1;5;1;3;1;3;1;5;4;4;1;0;0;1;5;1;3;1;3;1;5;4;3;1;1;1;0;5;1;5;1;3;1;5;4;3;2;0;1;1;5;1;5;4;2;1;5;4;3;1;1;1;1;2;1;5;1;3;4;5;4;4;1;0;1;1;5;1;5;1;3;1;5;4;4;1;0;1;1;4;1;5;4;3;1;5;4;3;1;1;0;0;5;1;2;1;3;1;3;4;3;1;0;0;0;1;1;5;1;3;1;4;5;4;1;0;0;1;5;1;3;1;3;1;5;4;1;1;1;0;1;1;1;5;1;3;2;4;4;3;1;0;1;0;1;1;2;5;2;2;3;1;58.0;59.0;0.495726496
5;1;3;1;3;3;5;4;4;4;0;0;0;3;1;3;1;1;1;4;4;3;3;0;0;0;3;1;1;1;3;1;5;4;4;1;0;0;0;3;1;5;1;3;1;5;4;3;1;0;0;0;3;1;1;1;1;1;4;4;3;1;1;0;1;3;1;3;1;2;1;4;4;4;1;1;0;0;5;1;5;1;3;1;5;4;4;1;1;1;1;5;4;3;1;3;3;4;4;4;1;1;1;0;5;1;5;1;3;1;5;4;3;1;0;1;0;5;1;3;1;3;1;4;4;3;2;0;0;1;5;5;3;1;3;2;4;1;3;1;1;0;0;3;1;3;1;3;1;5;4;3;1;1;1;1;5;3;3;1;3;1;4;4;5;1;0;1;0;3;4;3;4;3;1;3;4;3;1;0;1;0;3;1;3;1;3;1;5;4;3;1;0;0;0;5;1;3;1;3;5;4;4;4;1;1;0;0;5;1;3;1;3;1;5;4;3;1;1;0;1;5;4;5;2;4;1;4;4;3;1;0;1;1;1;2;2;5;1;2;2;1;57.0;58.0;0.495652174
5;1;3;2;2;1;5;4;3;4;0;0;0;3;1;3;1;4;1;5;4;3;3;0;0;0;2;1;5;1;3;1;5;4;2;1;0;0;0;3;1;3;1;3;1;5;4;3;1;1;0;0;5;1;5;5;3;2;5;4;1;1;0;0;1;3;5;3;1;3;1;5;4;3;1;0;0;0;5;1;2;1;1;1;5;4;4;1;0;1;0;5;1;2;1;3;2;4;4;4;1;0;0;0;5;1;1;3;3;1;5;4;2;1;0;1;0;5;1;5;1;3;1;5;4;4;1;0;0;0;3;1;3;1;5;1;5;4;2;1;1;1;1;3;1;3;1;4;1;4;4;3;3;1;0;0;5;3;1;1;4;1;2;4;4;1;0;1;0;5;1;3;1;3;1;4;4;3;1;0;0;1;4;1;5;1;2;1;4;4;3;1;0;0;0;5;1;5;1;3;1;5;4;4;3;1;1;0;5;1;5;1;5;1;5;4;3;2;0;0;1;1;1;3;1;4;1;4;4;3;1;1;0;1;1;1;2;5;2;2;3;2;54.0;55.0;0.495412844
3;1;3;1;3;1;5;1;4;1;0;0;0;5;1;3;1;3;1;4;4;4;1;0;0;0;3;1;5;1;3;1;5;3;4;1;0;0;0;5;1;3;1;3;1;5;3;4;1;0;0;0;5;1;3;1;3;1;4;4;3;1;1;0;0;5;1;3;1;3;1;5;4;4;1;0;1;0;2;1;5;1;3;1;5;4;3;3;0;1;0;5;1;5;3;3;1;4;4;4;1;1;0;0;5;1;5;1;3;1;2;4;3;1;1;1;0;5;1;3;1;3;1;5;3;3;1;1;0;0;5;1;2;1;3;1;5;4;3;1;1;0;1;2;1;5;1;3;2;5;4;4;1;0;1;0;3;1;5;1;3;2;4;4;4;4;0;1;0;4;1;3;1;3;1;5;4;3;1;0;1;0;5;1;3;1;3;1;5;4;4;1;0;1;0;2;1;3;1;3;1;4;4;3;2;1;1;1;5;1;3;1;3;1;5;4;3;1;0;0;0;5;1;3;4;3;1;4;2;3;1;0;1;1;1;1;2;2;2;2;3;2;52.0;53.0;0.495238095
3;1;3;1;3;1;5;1;4;1;0;0;0;4;1;3;1;3;1;5;4;4;1;0;0;0;3;1;3;1;3;1;5;4;4;1;0;0;0;5;1;3;1;3;1;5;4;4;1;0;0;0;5;1;3;1;3;1;4;4;3;1;0;0;1;5;1;4;1;3;1;5;4;4;1;0;1;0;5;1;5;1;3;1;5;4;3;3;0;1;0;5;1;3;3;3;1;5;4;4;1;1;1;0;5;1;5;1;3;1;2;4;3;1;1;1;0;5;1;5;1;3;1;5;4;4;1;0;0;1;5;5;2;1;3;1;5;4;3;1;1;1;0;3;1;2;1;3;2;5;4;4;1;0;0;0;3;1;5;1;4;1;4;5;4;4;0;0;1;5;1;3;1;3;1;1;4;3;1;0;1;1;5;1;3;1;3;1;5;4;3;1;0;0;0;5;4;3;1;3;1;4;4;3;1;1;0;0;5;1;3;1;3;1;5;4;3;1;0;0;0;5;1;3;4;3;1;3;2;3;1;0;1;1;1;1;2;5;2;2;3;2;56.0;58.0;0.49122807
3;1;3;1;3;1;3;4;3;1;0;0;0;3;1;3;1;3;1;5;4;3;1;1;1;0;3;1;3;1;3;1;4;4;4;1;0;0;0;3;1;5;1;3;1;5;4;4;1;0;0;0;3;1;5;1;3;1;5;4;3;1;0;1;0;5;1;4;5;3;1;5;4;4;1;0;0;0;5;1;3;1;3;1;5;4;3;1;1;1;1;5;1;5;1;3;1;5;4;4;1;0;0;0;5;1;5;3;4;1;5;4;3;1;1;1;1;1;1;3;1;4;1;4;4;3;1;0;0;1;5;1;2;1;3;1;5;4;3;1;1;1;0;2;1;5;1;3;1;5;4;3;1;0;1;1;5;5;5;1;4;1;5;4;3;1;0;1;1;5;1;3;1;3;1;5;4;3;1;0;1;0;5;1;3;1;2;1;5;4;4;1;0;1;0;1;1;5;1;3;1;4;4;2;5;0;1;1;5;1;5;1;3;4;5;4;3;2;0;0;0;5;1;4;1;3;5;5;4;4;1;0;0;0;1;1;2;5;2;2;3;1;55.0;57.0;0.491071429
5;1;3;1;3;1;5;4;3;1;0;0;0;3;1;5;1;3;4;5;2;3;3;1;0;1;3;1;5;1;3;1;4;2;4;1;0;0;0;5;3;3;1;3;1;5;4;2;1;0;0;0;5;1;1;5;3;1;5;4;3;1;0;0;0;5;1;3;1;3;1;4;4;4;1;0;0;0;5;1;3;4;5;1;4;4;3;1;0;1;0;5;3;5;2;3;1;4;4;4;1;0;1;0;5;1;5;1;4;1;5;4;3;1;0;1;1;5;1;2;1;5;1;5;4;3;2;0;0;1;5;1;5;1;3;1;5;4;3;2;1;0;0;2;1;5;1;2;4;5;4;3;1;1;0;1;3;5;3;1;3;1;5;5;4;1;0;1;0;5;1;5;4;3;1;5;4;3;1;0;0;0;5;1;3;1;3;1;5;4;3;1;0;0;0;5;1;5;1;3;1;4;4;4;1;1;1;1;5;1;5;1;3;1;5;4;3;1;0;0;1;5;1;5;1;3;5;5;2;3;1;0;1;0;1;4;2;5;2;2;3;2;53.0;55.0;0.490740741
3;1;3;1;3;3;5;4;4;1;0;0;1;3;1;5;5;3;3;5;4;3;1;0;1;0;4;1;5;1;3;5;5;2;4;1;0;0;0;3;1;4;2;5;1;5;4;4;1;0;0;0;4;4;4;5;2;1;4;4;4;1;0;0;0;2;1;4;1;3;1;5;4;4;1;0;0;0;1;5;5;1;4;4;5;4;4;1;0;1;1;5;1;3;1;3;1;5;4;4;1;0;0;1;5;4;3;1;4;1;4;4;3;1;1;1;0;5;1;5;1;3;1;4;3;3;2;1;0;1;4;1;5;4;2;1;5;4;3;4;0;0;1;3;1;3;1;3;4;4;4;4;1;0;1;0;5;1;5;1;3;1;5;4;2;1;0;1;0;3;1;3;4;3;1;4;4;4;1;0;0;0;5;1;5;3;1;1;5;4;4;1;0;0;1;1;1;5;3;3;1;4;5;4;1;1;0;1;5;1;3;1;3;1;5;4;3;1;0;0;1;1;1;5;1;4;1;4;4;4;1;0;1;0;1;1;1;5;2;2;1;1;53.0;55.0;0.490740741
5;1;3;1;3;1;4;4;4;1;0;0;1;3;1;3;5;3;3;5;4;3;1;0;0;0;4;1;5;1;3;1;4;4;4;1;0;0;0;4;1;4;2;3;1;1;4;2;1;1;0;0;5;1;1;1;1;1;4;4;4;1;0;0;1;5;1;3;1;3;1;5;4;4;2;0;0;0;5;1;5;1;3;1;5;4;4;1;1;1;0;5;1;5;1;3;1;4;4;4;1;1;0;0;5;1;5;1;3;1;5;4;3;1;0;1;0;5;1;5;5;2;1;5;4;3;1;0;0;1;3;1;5;1;3;3;1;4;3;1;1;1;0;3;1;5;1;3;1;4;4;3;1;0;1;1;5;1;5;1;4;1;5;4;4;1;1;1;0;5;1;3;1;3;1;4;4;5;1;0;0;0;5;1;3;1;5;1;5;4;5;1;0;0;0;5;1;5;1;3;1;4;4;3;1;1;0;0;5;1;3;1;3;1;5;5;4;1;0;0;1;5;1;5;1;3;1;4;4;3;1;1;1;0;1;4;2;5;2;2;3;2;53.0;55.0;0.490740741
5;1;3;1;3;3;3;4;4;1;0;0;1;1;3;5;5;3;1;5;5;3;3;0;1;0;5;1;5;1;2;1;4;2;4;1;0;0;0;3;1;3;2;3;1;5;4;4;1;1;0;0;3;5;5;5;3;2;2;4;5;1;1;0;0;3;1;3;1;3;5;4;4;4;1;0;1;1;5;1;5;1;3;1;5;4;3;1;1;0;0;5;4;3;3;3;1;4;4;1;3;0;0;1;5;5;5;1;4;1;5;4;3;1;1;1;1;5;1;5;1;4;1;5;3;3;1;0;0;1;5;1;3;3;3;5;5;4;3;1;1;0;0;2;1;2;1;3;1;5;4;3;1;0;1;0;5;1;1;1;4;1;4;4;3;2;0;1;0;3;1;5;1;3;1;5;4;4;1;0;1;0;5;3;5;1;5;1;5;5;2;1;1;1;0;2;1;3;1;3;1;4;3;4;2;0;0;0;5;4;5;1;3;4;3;4;3;1;0;0;1;5;1;5;1;3;1;4;3;4;1;1;1;0;2;4;2;5;3;2;3;2;52.0;54.0;0.490566038
5;1;3;1;3;4;2;4;4;1;1;0;0;1;1;3;5;3;3;5;4;3;1;0;0;1;5;5;5;1;3;1;5;4;4;1;0;0;0;3;1;5;1;1;1;5;4;4;1;1;0;0;5;1;4;1;3;1;4;2;3;1;0;0;0;3;1;3;1;3;1;5;4;3;1;0;0;0;1;1;5;1;4;1;5;4;3;3;1;1;0;5;1;3;1;3;1;4;4;4;1;0;0;0;5;1;5;1;4;1;4;4;3;1;0;0;1;4;1;5;1;3;1;4;1;3;2;0;0;1;4;5;5;3;3;1;4;4;4;4;1;0;1;3;1;5;1;3;1;4;4;4;1;1;1;0;5;4;5;1;3;1;5;4;3;1;0;0;1;3;1;5;1;3;1;5;4;4;1;0;1;0;5;1;5;1;3;1;3;4;3;1;0;1;0;1;1;3;5;3;1;4;4;4;1;0;1;1;5;5;3;1;3;1;5;4;1;1;0;0;1;1;1;5;1;3;1;4;4;3;1;0;1;1;1;1;2;5;2;2;3;2;49.0;51.0;0.49
5;1;3;1;3;3;4;4;4;4;1;0;0;1;1;5;5;4;1;4;4;3;1;0;0;0;3;1;5;1;3;1;5;2;4;1;0;0;0;5;1;3;1;3;1;5;4;4;1;1;0;0;5;1;4;5;3;1;4;4;5;1;0;0;0;3;1;3;1;1;1;3;4;4;1;0;0;0;5;1;5;1;3;1;5;4;4;1;1;1;0;5;3;2;3;3;1;4;4;4;1;1;1;1;5;1;3;1;3;1;4;4;3;1;1;0;1;4;1;5;1;3;1;5;4;5;2;1;0;0;5;5;5;1;3;1;5;4;4;1;0;1;1;4;1;5;1;3;1;4;4;3;1;0;1;0;5;1;5;1;4;1;4;4;3;1;0;0;1;3;4;5;1;3;1;5;4;3;1;0;0;0;1;1;2;1;3;1;5;4;3;1;0;0;0;5;1;5;1;3;1;4;4;4;1;1;0;0;5;1;3;5;3;4;5;4;4;1;0;0;1;5;1;5;1;4;1;4;5;3;1;0;1;0;1;1;2;5;2;2;3;2;49.0;51.0;0.49
5;1;3;1;3;1;2;4;4;1;1;0;0;1;1;3;1;1;3;5;4;3;1;0;0;1;5;1;2;1;3;1;4;4;4;1;0;1;0;3;3;5;1;1;1;5;4;4;1;1;0;0;5;1;4;1;3;1;4;2;3;1;1;0;0;3;1;3;1;3;1;5;5;4;1;0;0;0;1;1;5;1;4;1;5;4;4;3;1;1;0;5;1;3;3;3;1;4;4;4;1;0;0;0;5;1;5;1;4;1;4;4;3;1;1;0;1;4;1;5;1;3;1;5;1;3;1;0;0;1;4;5;5;3;3;1;4;4;4;1;1;0;1;5;1;5;1;3;1;5;4;4;1;1;1;0;5;4;5;1;3;1;5;4;3;1;0;0;1;3;1;5;1;3;1;5;4;4;1;0;1;0;5;1;1;1;3;1;3;4;3;1;0;1;0;5;1;3;5;3;1;4;4;3;1;1;1;1;5;5;3;1;3;1;5;4;3;1;0;0;1;1;1;3;1;3;1;4;4;3;1;0;1;1;1;1;3;5;2;2;3;2;47.0;49.0;0.489583333
5;1;3;1;3;4;2;4;4;1;1;0;0;1;1;3;5;3;3;5;4;3;1;0;0;1;5;5;5;1;3;1;5;4;4;1;0;0;0;3;1;5;1;1;1;5;4;4;1;1;0;0;5;1;4;1;3;1;4;2;3;1;0;0;0;3;1;3;1;3;1;5;4;3;1;0;0;0;1;1;5;1;4;1;5;4;3;3;1;1;0;5;1;3;1;3;1;4;4;4;1;0;0;0;5;1;5;1;4;1;4;4;3;1;0;0;1;4;1;5;1;3;1;4;1;3;2;0;0;1;4;5;5;3;3;1;4;4;4;4;1;0;1;3;1;5;1;3;1;4;4;4;1;1;1;0;5;4;5;1;3;1;5;4;3;1;0;0;1;3;1;5;1;3;1;5;4;4;1;0;1;0;5;1;5;1;3;1;3;4;3;1;0;1;0;1;1;3;5;3;1;4;4;4;1;0;1;1;5;5;3;1;3;1;5;4;1;1;0;0;1;1;1;5;1;3;1;4;4;3;1;0;1;1;1;1;2;5;2;2;3;2;47.0;49.0;0.489583333
5;1;3;1;3;5;4;4;5;1;0;0;0;3;1;3;5;3;1;5;4;3;1;1;0;0;4;1;5;1;3;1;4;4;4;1;0;0;0;4;1;4;2;3;1;1;4;4;1;1;1;0;4;1;5;1;3;1;4;2;4;1;0;0;0;5;1;3;1;3;1;4;4;4;2;1;0;0;5;1;5;1;3;1;5;4;3;1;1;1;1;1;1;5;1;3;1;4;4;4;1;1;0;1;5;1;3;1;3;1;5;4;3;1;0;1;0;5;1;5;1;4;1;5;4;3;1;1;0;1;4;1;5;4;3;1;5;4;3;1;1;0;0;2;1;3;1;3;1;4;4;3;2;0;1;0;5;1;5;1;5;1;5;4;3;1;0;1;0;5;1;5;1;3;1;4;4;3;1;0;0;0;1;1;5;5;3;1;5;4;4;1;0;0;0;1;1;5;1;3;3;5;4;3;1;1;0;1;3;1;3;1;3;4;5;5;4;1;0;0;1;5;1;5;1;3;1;4;4;3;1;1;1;0;1;1;2;5;2;2;3;2;60.0;63.0;0.487804878
5;1;3;1;3;3;5;4;4;4;0;0;0;1;3;5;5;4;1;5;4;3;1;0;0;0;1;1;3;1;2;1;5;2;4;1;0;0;1;3;1;5;3;3;1;5;4;4;1;0;0;0;3;1;1;1;2;1;4;4;5;1;0;0;0;3;1;3;1;3;1;5;4;4;1;1;0;0;5;1;3;1;3;1;5;4;5;3;1;0;1;5;1;3;1;3;1;4;4;4;1;0;0;1;5;1;5;1;3;1;5;4;3;1;1;1;0;5;1;5;1;3;1;5;4;3;1;0;0;1;5;1;5;4;3;1;5;4;4;1;1;0;1;3;3;3;1;3;5;5;4;4;1;0;1;1;5;3;5;1;4;1;4;4;3;1;0;0;1;5;1;5;4;3;1;5;4;3;1;1;0;0;5;1;2;1;3;1;5;4;4;1;0;0;0;2;1;5;1;3;5;4;5;4;1;0;0;1;5;1;3;1;3;1;5;4;4;1;1;0;1;5;1;5;2;3;1;4;4;4;1;0;1;1;1;1;2;5;2;2;3;2;50.0;53.0;0.485436893
5;1;3;1;3;3;5;4;4;4;0;0;0;1;3;5;5;4;1;5;4;3;1;0;0;0;1;1;3;1;2;1;5;2;4;1;0;0;1;3;1;5;3;3;1;5;4;4;1;0;0;0;3;1;1;1;2;1;4;4;5;1;0;0;0;3;1;3;1;3;1;5;4;4;1;1;0;0;5;1;3;1;3;1;5;4;5;3;1;0;1;5;1;3;1;3;1;4;4;4;1;0;0;1;5;1;5;1;3;1;5;4;3;1;1;1;0;5;1;5;1;3;1;5;4;3;1;0;0;1;5;1;5;4;3;1;5;4;4;1;1;0;1;3;3;3;1;3;5;5;4;4;1;0;1;1;5;3;5;1;4;1;4;4;3;1;0;0;1;5;1;5;4;3;1;5;4;3;1;1;0;0;5;1;2;1;3;1;5;4;4;1;0;0;0;2;1;5;1;3;5;4;5;4;1;0;0;1;5;1;3;1;3;1;5;4;4;1;1;0;1;5;1;5;2;3;1;4;4;4;1;0;1;1;1;1;2;5;2;2;3;2;148.0;158.0;0.483660131
5;1;3;1;3;1;5;4;4;1;0;0;0;3;1;5;5;3;3;5;4;3;3;0;1;1;4;4;5;1;3;1;4;4;4;1;0;0;1;3;1;4;1;3;1;5;4;3;1;0;0;1;4;1;4;1;2;1;5;2;3;1;0;0;0;3;1;3;1;3;1;5;3;4;1;0;0;0;5;5;5;1;3;1;5;5;3;1;0;1;1;5;1;3;1;3;1;5;4;4;1;0;0;1;5;1;3;1;3;1;5;4;3;1;1;1;0;5;3;5;1;4;1;5;4;3;5;0;1;1;5;1;5;4;3;4;5;4;3;1;1;1;1;2;1;5;1;3;4;5;4;3;1;0;1;0;5;1;5;1;4;1;5;4;4;1;0;1;0;4;1;5;1;3;1;5;4;4;1;1;0;0;5;1;2;1;3;1;5;4;2;1;0;0;0;1;1;5;5;3;1;4;4;4;1;0;1;1;5;1;4;1;3;1;5;4;1;1;0;0;1;1;1;5;1;4;1;4;4;3;1;0;1;0;1;4;3;5;2;2;3;1;138.0;148.0;0.4825174825174825
3;1;3;1;3;1;5;1;4;1;0;0;0;4;1;3;1;3;1;5;4;4;1;0;0;0;3;1;3;1;3;1;5;4;4;1;0;0;0;5;1;3;1;3;1;5;4;4;1;0;0;0;5;1;3;1;3;1;4;4;3;1;0;0;1;5;1;4;1;3;1;5;4;4;1;0;1;0;5;1;5;1;3;1;5;4;3;3;0;1;0;5;1;3;3;3;1;5;4;4;1;1;1;0;5;1;5;1;3;1;2;4;3;1;1;1;0;5;1;5;1;3;1;5;4;4;1;0;0;1;5;5;2;1;3;1;5;4;3;1;1;1;0;3;1;2;1;3;2;5;4;4;1;0;0;0;3;1;5;1;4;1;4;5;4;4;0;0;1;5;1;3;1;3;1;1;4;3;1;0;1;1;5;1;3;1;3;1;5;4;3;1;0;0;0;5;4;3;1;3;1;4;4;3;1;1;0;0;5;1;3;1;3;1;5;4;3;1;0;0;0;5;1;3;4;3;1;3;2;3;1;0;1;1;1;1;2;5;2;2;3;2;52.0;56.0;0.481481481
3;5;3;1;3;1;5;4;4;4;0;0;0;3;1;5;1;3;3;4;2;3;1;0;0;1;4;1;5;1;3;1;5;4;4;4;0;0;0;3;1;3;1;3;1;5;4;3;1;1;0;0;3;1;5;1;1;1;4;4;4;1;0;0;0;3;1;3;1;3;1;5;4;3;1;0;0;1;5;1;5;1;3;1;4;3;3;2;1;1;0;5;3;5;1;3;1;4;4;4;4;0;1;0;5;1;5;1;4;1;5;4;4;1;0;1;1;3;4;2;1;3;1;5;4;3;1;0;0;1;3;1;3;1;3;5;4;4;3;2;1;0;1;2;1;5;1;3;1;2;4;3;1;0;0;0;3;5;5;1;3;1;5;4;4;1;0;0;1;5;1;3;1;3;1;5;4;3;1;1;1;1;5;1;3;1;5;1;4;4;3;1;0;1;0;5;1;3;1;3;1;4;4;3;1;1;1;1;5;1;2;1;3;3;5;4;3;2;0;0;0;5;1;5;1;3;1;5;4;3;1;1;1;0;1;1;2;5;2;2;3;2;51.0;55.0;0.481132075
5;1;3;1;3;1;4;4;4;1;0;0;1;3;1;3;5;3;3;5;4;3;1;0;0;0;4;1;5;1;3;1;4;4;4;1;0;0;0;4;1;4;2;3;1;1;4;2;1;1;0;0;5;1;1;1;1;1;4;4;4;1;0;0;1;5;1;3;1;3;1;5;4;4;2;0;0;0;5;1;5;1;3;1;5;4;4;1;1;1;0;5;1;5;1;3;1;4;4;4;1;1;0;0;5;1;5;1;3;1;5;4;3;1;0;1;0;5;1;5;5;2;1;5;4;3;1;0;0;1;3;1;5;1;3;3;1;4;3;1;1;1;0;3;1;5;1;3;1;4;4;3;1;0;1;1;5;1;5;1;4;1;5;4;4;1;1;1;0;5;1;3;1;3;1;4;4;5;1;0;0;0;5;1;3;1;5;1;5;4;5;1;0;0;0;5;1;5;1;3;1;4;4;3;1;1;0;0;5;1;3;1;3;1;5;5;4;1;0;0;1;5;1;5;1;3;1;4;4;3;1;1;1;0;1;4;2;5;2;2;3;2;161.0;177.0;0.47633136094674555
3;5;3;1;3;1;5;4;4;4;0;0;0;3;1;5;1;3;3;4;2;3;1;0;0;1;4;1;5;1;3;1;5;4;4;4;0;0;0;3;1;3;1;3;1;5;4;3;1;1;0;0;3;1;5;1;1;1;4;4;4;1;0;0;0;3;1;3;1;3;1;5;4;3;1;0;0;1;5;1;5;1;3;1;4;3;3;2;1;1;0;5;3;5;1;3;1;4;4;4;4;0;1;0;5;1;5;1;4;1;5;4;4;1;0;1;1;3;4;2;1;3;1;5;4;3;1;0;0;1;3;1;3;1;3;5;4;4;3;2;1;0;1;2;1;5;1;3;1;2;4;3;1;0;0;0;3;5;5;1;3;1;5;4;4;1;0;0;1;5;1;3;1;3;1;5;4;3;1;1;1;1;5;1;3;1;5;1;4;4;3;1;0;1;0;5;1;3;1;3;1;4;4;3;1;1;1;1;5;1;2;1;3;3;5;4;3;2;0;0;0;5;1;5;1;3;1;5;4;3;1;1;1;0;1;1;2;5;2;2;3;2;49.0;54.0;0.475728155
5;1;3;1;5;1;5;4;3;4;0;0;1;3;1;3;5;3;1;5;4;3;1;0;0;0;2;1;5;1;3;1;4;3;4;3;0;0;0;3;1;5;1;3;1;5;4;4;1;0;0;0;3;1;3;1;2;1;5;2;4;1;0;0;0;2;1;3;1;3;1;5;4;4;1;1;0;0;5;1;5;1;3;5;5;4;4;1;1;1;1;5;1;3;1;1;3;4;4;4;1;0;0;0;5;1;5;1;4;1;4;4;3;1;0;1;1;5;3;5;1;2;1;5;4;4;2;0;0;0;3;1;3;3;3;1;4;4;3;3;1;1;0;3;1;5;1;3;1;5;4;3;1;1;1;0;5;1;5;1;3;1;5;4;4;1;1;1;1;5;1;3;2;3;1;1;4;3;1;0;0;1;5;1;5;5;5;1;4;4;3;1;1;1;0;1;1;5;1;3;1;4;5;4;1;0;0;1;5;1;2;1;3;1;5;4;3;5;0;0;1;1;1;3;1;3;1;4;4;4;1;1;0;0;1;1;2;5;2;2;3;2;44.0;49.0;0.47311828
5;1;3;1;3;3;5;4;4;4;0;0;0;3;1;3;1;1;1;4;4;3;3;0;0;0;3;1;1;1;3;1;5;4;4;1;0;0;0;3;1;5;1;3;1;5;4;3;1;0;0;0;3;1;1;1;1;1;4;4;3;1;1;0;1;3;1;3;1;2;1;4;4;4;1;1;0;0;5;1;5;1;3;1;5;4;4;1;1;1;1;5;4;3;1;3;3;4;4;4;1;1;1;0;5;1;5;1;3;1;5;4;3;1;0;1;0;5;1;3;1;3;1;4;4;3;2;0;0;1;5;5;3;1;3;2;4;1;3;1;1;0;0;3;1;3;1;3;1;5;4;3;1;1;1;1;5;3;3;1;3;1;4;4;5;1;0;1;0;3;4;3;4;3;1;3;4;3;1;0;1;0;3;1;3;1;3;1;5;4;3;1;0;0;0;5;1;3;1;3;5;4;4;4;1;1;0;0;5;1;3;1;3;1;5;4;3;1;1;0;1;5;4;5;2;4;1;4;4;3;1;0;1;1;1;2;2;5;1;2;2;1;52.0;58.0;0.472727273
3;1;3;1;3;1;5;1;4;1;0;0;0;5;1;3;1;4;1;5;4;4;1;1;0;0;5;1;5;1;3;1;4;2;4;1;0;1;0;5;1;3;2;3;1;5;4;3;1;0;0;0;3;1;5;5;3;2;5;4;3;1;0;0;0;5;1;3;1;3;1;5;4;3;1;0;0;0;5;1;5;1;3;1;5;4;3;1;1;1;0;5;4;3;3;3;1;4;4;3;1;1;0;0;3;1;5;1;3;2;5;4;3;1;1;1;1;5;1;5;1;4;1;4;1;3;1;1;1;0;5;1;5;1;3;1;4;4;3;1;1;1;0;3;1;5;1;3;1;2;5;3;1;0;1;0;5;3;5;1;3;1;5;3;4;1;0;0;1;5;5;3;1;3;1;5;4;3;2;1;1;0;5;1;5;1;3;1;5;4;3;1;0;1;0;5;1;5;1;3;1;4;4;4;1;0;1;0;5;1;5;1;3;4;5;4;1;2;0;0;1;1;1;3;4;3;1;4;4;3;1;1;1;0;1;1;2;2;2;2;2;1;43.0;48.0;0.472527473
5;5;3;1;3;1;3;4;3;1;0;0;0;1;1;3;5;3;1;5;2;3;3;0;0;1;4;1;5;3;3;3;4;4;4;1;0;0;0;5;1;3;1;3;1;5;4;2;1;0;0;0;3;1;5;1;3;1;4;4;4;1;0;0;0;5;1;3;1;3;1;4;4;4;1;0;0;0;5;1;3;1;4;1;5;4;4;5;1;1;0;5;3;5;1;3;1;5;4;4;1;0;1;0;5;1;3;1;4;2;5;4;4;1;1;1;1;5;3;2;5;4;1;5;4;3;2;0;0;0;3;1;5;1;3;1;4;4;3;2;1;0;1;2;1;5;1;3;1;5;4;3;1;0;1;0;3;5;5;1;3;1;5;4;4;1;0;0;1;5;1;3;1;3;1;5;4;4;1;1;1;0;5;3;3;1;1;1;5;4;3;1;0;1;0;5;1;5;1;3;1;4;4;3;1;1;1;1;5;1;5;1;3;4;5;4;3;1;0;0;0;5;1;5;1;3;5;5;4;4;1;0;1;0;5;1;2;5;2;2;3;1;42.0;47.0;0.471910112
3;3;3;1;3;1;5;4;3;4;0;0;0;1;1;3;1;3;1;4;4;4;1;1;0;0;5;1;3;1;3;1;5;3;5;1;1;1;0;5;1;3;1;3;1;2;4;4;1;1;0;0;3;1;5;5;3;1;4;5;4;1;0;0;0;3;1;3;1;3;4;1;4;4;1;0;0;0;2;1;3;1;3;4;5;4;3;1;1;0;1;5;4;3;1;3;1;4;4;4;1;0;0;0;5;1;3;1;3;1;5;4;3;2;1;1;1;5;1;5;1;4;1;2;4;3;4;0;0;0;5;1;3;3;3;1;1;4;4;1;1;0;1;2;1;5;1;3;1;5;4;3;1;1;1;0;5;5;5;3;4;1;4;4;3;4;1;1;0;5;1;3;1;3;3;5;4;3;1;0;1;0;5;1;2;1;3;2;5;4;3;1;0;0;0;5;1;3;1;3;2;2;4;4;2;0;1;1;5;1;5;1;3;4;5;4;3;1;0;0;0;5;1;5;1;3;1;4;4;3;1;0;0;0;1;1;2;5;2;1;2;2;46.0;52.0;0.469387755
3;1;3;1;3;1;3;4;3;1;0;0;0;1;3;3;1;3;1;5;4;3;1;1;0;0;5;1;5;1;2;1;4;4;4;5;1;0;0;3;1;5;1;1;1;5;4;3;1;0;0;1;3;1;5;1;3;1;5;4;3;1;0;0;0;5;1;2;5;3;1;5;4;4;1;0;0;0;5;1;3;1;3;1;5;4;3;1;1;1;1;5;1;5;5;3;1;5;4;4;1;0;0;0;5;1;5;1;4;3;5;4;3;1;1;1;1;1;1;5;1;4;1;4;4;3;1;0;0;0;5;1;2;3;3;1;1;4;3;1;1;1;0;2;1;5;1;3;1;5;4;3;2;1;1;1;5;5;5;1;4;1;4;4;3;1;0;1;1;5;1;3;1;3;1;5;4;5;1;0;1;0;5;1;3;1;3;1;5;4;3;1;0;0;0;1;1;5;1;3;4;2;5;4;1;0;1;1;5;1;5;1;3;4;5;4;3;1;0;0;0;5;1;4;1;3;5;4;4;4;1;0;0;0;1;1;2;5;2;2;3;2;52.0;59.0;0.468468468
5;1;3;1;3;3;5;4;4;4;0;0;0;3;1;3;1;3;1;4;4;3;1;0;0;0;3;1;5;1;3;1;4;4;4;1;0;0;0;3;1;5;1;3;1;5;4;3;1;0;0;0;3;1;3;1;1;1;4;4;3;1;0;0;1;3;1;3;1;2;1;4;4;3;1;0;0;0;5;1;5;1;3;1;5;4;4;1;1;1;1;5;1;3;1;3;3;4;4;4;1;1;1;0;5;1;5;1;3;1;5;4;3;1;0;1;1;5;1;3;1;3;1;5;4;3;1;0;0;1;3;1;3;1;3;1;4;4;3;1;1;1;0;3;1;3;1;3;1;4;4;3;1;1;1;1;5;1;3;1;3;1;4;4;5;1;0;0;0;3;1;3;2;3;1;1;4;3;1;0;0;1;5;1;2;1;3;1;5;4;3;1;0;0;0;5;1;3;1;3;5;5;4;4;1;1;0;0;5;1;2;1;3;1;5;4;3;1;1;0;1;5;1;5;2;4;1;4;4;3;1;0;1;0;1;2;2;2;2;2;2;1;148.0;168.0;0.46835443037974683
5;1;3;1;5;3;5;4;4;1;0;0;0;3;1;3;1;3;1;4;4;3;1;0;0;0;5;1;3;1;2;1;5;4;4;1;1;0;1;5;1;2;2;3;1;5;4;4;1;1;0;0;3;1;5;1;2;1;5;4;4;1;0;1;0;5;3;3;1;3;1;5;4;4;1;0;0;0;5;5;5;1;2;1;4;4;4;1;1;1;1;5;4;3;1;3;1;4;4;4;1;0;0;0;5;1;5;1;4;1;5;4;3;1;1;1;0;5;1;5;1;4;1;5;4;3;1;0;0;0;5;3;5;4;3;1;4;4;3;5;1;0;0;3;1;1;1;3;1;5;4;4;1;1;1;1;5;1;5;1;3;1;5;4;3;1;0;0;1;4;1;5;1;3;1;4;4;3;1;0;1;0;4;3;5;1;3;1;4;4;3;1;0;1;0;1;1;3;1;3;1;5;4;4;1;0;1;0;5;1;5;1;3;1;5;4;4;1;0;1;1;5;1;5;1;3;1;4;4;4;1;0;1;0;1;1;3;5;2;2;3;2;148.0;169.0;0.4668769716088328
3;1;3;1;3;1;3;4;3;1;0;0;0;1;3;3;1;3;1;5;4;3;1;1;0;0;5;1;5;1;2;1;4;4;4;5;1;0;0;3;1;5;1;1;1;5;4;3;1;0;0;1;3;1;5;1;3;1;5;4;3;1;0;0;0;5;1;2;5;3;1;5;4;4;1;0;0;0;5;1;3;1;3;1;5;4;3;1;1;1;1;5;1;5;5;3;1;5;4;4;1;0;0;0;5;1;5;1;4;3;5;4;3;1;1;1;1;1;1;5;1;4;1;4;4;3;1;0;0;0;5;1;2;3;3;1;1;4;3;1;1;1;0;2;1;5;1;3;1;5;4;3;2;1;1;1;5;5;5;1;4;1;4;4;3;1;0;1;1;5;1;3;1;3;1;5;4;5;1;0;1;0;5;1;3;1;3;1;5;4;3;1;0;0;0;1;1;5;1;3;4;2;5;4;1;0;1;1;5;1;5;1;3;4;5;4;3;1;0;0;0;5;1;4;1;3;5;4;4;4;1;0;0;0;1;1;2;5;2;2;3;2;46.0;53.0;0.464646465
5;1;3;1;3;3;3;4;4;1;0;0;1;1;3;5;5;3;1;5;5;3;3;0;1;0;5;1;5;1;2;1;4;2;4;1;0;0;0;3;1;3;2;3;1;5;4;4;1;1;0;0;3;5;5;5;3;2;2;4;5;1;1;0;0;3;1;3;1;3;5;4;4;4;1;0;1;1;5;1;5;1;3;1;5;4;3;1;1;0;0;5;4;3;3;3;1;4;4;1;3;0;0;1;5;5;5;1;4;1;5;4;3;1;1;1;1;5;1;5;1;4;1;5;3;3;1;0;0;1;5;1;3;3;3;5;5;4;3;1;1;0;0;2;1;2;1;3;1;5;4;3;1;0;1;0;5;1;1;1;4;1;4;4;3;2;0;1;0;3;1;5;1;3;1;5;4;4;1;0;1;0;5;3;5;1;5;1;5;5;2;1;1;1;0;2;1;3;1;3;1;4;3;4;2;0;0;0;5;4;5;1;3;4;3;4;3;1;0;0;1;5;1;5;1;3;1;4;3;4;1;1;1;0;2;4;2;5;3;2;3;2;45.0;52.0;0.463917526
4;1;3;1;3;3;5;4;4;1;0;0;0;3;1;3;1;3;1;5;2;3;1;1;0;0;3;3;5;1;3;1;4;4;4;1;0;0;0;5;1;5;1;3;1;5;4;4;1;0;0;0;5;1;5;1;3;1;5;2;4;1;0;0;0;5;1;3;1;3;1;4;4;4;2;1;0;0;5;1;5;1;3;1;5;4;3;1;1;0;1;5;2;3;1;3;1;4;4;4;1;0;0;0;5;1;3;1;3;1;5;4;3;1;0;0;0;5;4;5;1;3;1;4;4;4;1;1;0;1;3;1;5;4;3;1;4;4;3;1;1;0;0;2;1;5;1;3;1;4;4;4;1;0;0;0;5;1;5;1;3;1;4;4;4;1;0;1;0;5;1;5;1;3;1;4;4;3;1;0;0;0;5;1;5;3;3;1;5;4;4;1;1;0;0;5;1;5;1;3;1;5;5;3;1;1;0;1;5;3;3;1;3;1;5;5;4;1;0;0;1;5;1;5;1;3;1;4;4;3;1;1;1;1;1;1;2;5;2;2;3;1;56.0;65.0;0.462809917
3;1;3;1;3;1;4;4;4;4;1;0;0;3;1;3;1;3;1;4;4;3;1;0;0;0;3;1;5;1;3;1;5;4;4;1;0;0;0;5;1;3;1;3;1;5;4;4;1;1;0;0;5;1;1;1;3;1;4;4;4;1;0;0;1;3;1;3;1;1;1;4;4;4;1;0;0;0;5;1;5;1;3;1;4;3;4;1;1;1;0;5;1;3;3;3;1;4;4;4;1;1;1;0;5;1;5;1;3;1;4;4;3;1;1;0;1;4;1;5;1;3;1;5;4;4;5;0;0;1;5;5;3;1;3;1;5;4;4;1;1;1;0;3;1;5;1;3;1;4;4;3;1;0;0;0;5;1;3;1;4;1;4;4;3;1;0;0;1;5;1;5;1;3;1;5;4;3;1;0;0;0;5;1;2;1;3;1;5;4;3;1;1;0;0;5;4;3;1;3;1;4;4;3;1;1;0;0;5;1;3;5;3;1;5;4;4;1;0;0;0;5;1;5;1;4;1;4;4;3;1;1;1;0;1;1;2;5;2;2;3;1;60.0;70.0;0.461538462
3;3;3;1;3;1;5;4;3;4;0;0;0;1;1;3;1;3;1;4;4;4;1;1;0;0;5;1;3;1;3;1;5;3;5;1;1;1;0;5;1;3;1;3;1;2;4;4;1;1;0;0;3;1;5;5;3;1;4;5;4;1;0;0;0;3;1;3;1;3;4;1;4;4;1;0;0;0;2;1;3;1;3;4;5;4;3;1;1;0;1;5;4;3;1;3;1;4;4;4;1;0;0;0;5;1;3;1;3;1;5;4;3;2;1;1;1;5;1;5;1;4;1;2;4;3;4;0;0;0;5;1;3;3;3;1;1;4;4;1;1;0;1;2;1;5;1;3;1;5;4;3;1;1;1;0;5;5;5;3;4;1;4;4;3;4;1;1;0;5;1;3;1;3;3;5;4;3;1;0;1;0;5;1;2;1;3;2;5;4;3;1;0;0;0;5;1;3;1;3;2;2;4;4;2;0;1;1;5;1;5;1;3;4;5;4;3;1;0;0;0;5;1;5;1;3;1;4;4;3;1;0;0;0;1;1;2;5;2;1;2;2;52.0;61.0;0.460176991
5;1;3;1;3;5;4;4;5;1;0;0;0;3;1;3;5;3;1;5;4;3;1;1;0;0;4;1;5;1;3;1;4;4;4;1;0;0;0;4;1;4;2;3;1;1;4;4;1;1;1;0;4;1;5;1;3;1;4;2;4;1;0;0;0;5;1;3;1;3;1;4;4;4;2;1;0;0;5;1;5;1;3;1;5;4;3;1;1;1;1;1;1;5;1;3;1;4;4;4;1;1;0;1;5;1;3;1;3;1;5;4;3;1;0;1;0;5;1;5;1;4;1;5;4;3;1;1;0;1;4;1;5;4;3;1;5;4;3;1;1;0;0;2;1;3;1;3;1;4;4;3;2;0;1;0;5;1;5;1;5;1;5;4;3;1;0;1;0;5;1;5;1;3;1;4;4;3;1;0;0;0;1;1;5;5;3;1;5;4;4;1;0;0;0;1;1;5;1;3;3;5;4;3;1;1;0;1;3;1;3;1;3;4;5;5;4;1;0;0;1;5;1;5;1;3;1;4;4;3;1;1;1;0;1;1;2;5;2;2;3;2;46.0;54.0;0.46
5;1;3;1;5;1;5;4;3;4;0;0;1;3;1;3;5;3;1;5;4;3;1;0;0;0;2;1;5;1;3;1;4;3;4;3;0;0;0;3;1;5;1;3;1;5;4;4;1;0;0;0;3;1;3;1;2;1;5;2;4;1;0;0;0;2;1;3;1;3;1;5;4;4;1;1;0;0;5;1;5;1;3;5;5;4;4;1;1;1;1;5;1;3;1;1;3;4;4;4;1;0;0;0;5;1;5;1;4;1;4;4;3;1;0;1;1;5;3;5;1;2;1;5;4;4;2;0;0;0;3;1;3;3;3;1;4;4;3;3;1;1;0;3;1;5;1;3;1;5;4;3;1;1;1;0;5;1;5;1;3;1;5;4;4;1;1;1;1;5;1;3;2;3;1;1;4;3;1;0;0;1;5;1;5;5;5;1;4;4;3;1;1;1;0;1;1;5;1;3;1;4;5;4;1;0;0;1;5;1;2;1;3;1;5;4;3;5;0;0;1;1;1;3;1;3;1;4;4;4;1;1;0;0;1;1;2;5;2;2;3;2;53.0;64.0;0.452991453
3;1;3;1;3;4;5;4;4;2;0;0;1;3;5;3;1;3;1;5;4;3;1;0;0;0;4;1;5;1;3;5;5;4;4;1;0;0;0;3;1;4;1;3;1;5;4;4;1;0;0;0;5;1;4;5;2;1;4;4;5;1;0;0;1;2;4;1;1;3;1;5;4;4;1;0;1;0;5;5;5;1;3;1;5;4;3;1;0;1;1;5;1;3;1;3;1;5;4;1;1;1;1;0;5;1;5;1;3;1;1;4;3;1;0;1;0;5;1;5;1;3;1;5;3;4;1;0;0;1;4;1;3;1;3;1;5;4;4;1;0;1;1;3;1;3;1;3;4;4;4;4;3;0;1;0;5;3;5;1;3;1;5;4;4;2;0;1;1;3;1;3;1;3;1;5;3;3;1;0;1;1;1;1;5;1;3;1;5;4;3;1;0;0;0;1;1;5;1;3;1;4;5;4;1;1;0;0;5;3;3;1;3;1;5;4;3;1;0;1;1;1;1;5;1;4;1;4;4;4;1;1;1;1;1;1;2;5;2;2;3;1;48.0;59.0;0.448598131
3;1;3;1;3;1;5;4;3;4;1;0;0;3;1;5;1;3;1;4;4;3;1;0;0;0;1;1;3;1;2;3;5;3;4;1;0;0;1;5;1;5;1;1;1;5;4;5;1;1;0;0;3;1;5;5;3;1;4;5;5;1;0;0;0;5;1;3;1;3;1;5;4;3;1;1;0;0;2;1;3;1;3;1;5;4;5;1;1;1;0;5;1;3;1;3;1;5;4;4;1;0;0;1;5;1;3;1;3;1;2;4;3;1;1;0;0;5;1;5;1;4;1;4;4;3;2;0;0;0;5;1;5;4;3;1;5;4;3;1;1;0;1;4;1;5;1;3;1;5;4;4;1;0;1;0;5;1;5;1;4;1;4;4;3;1;0;1;1;3;1;3;1;3;1;5;4;4;1;0;0;0;5;1;2;1;3;1;5;4;3;1;0;0;1;5;1;5;1;3;1;4;5;4;1;1;0;1;5;1;3;1;3;1;5;4;4;1;0;0;0;1;1;5;1;3;1;4;4;4;1;0;1;0;1;1;2;5;2;2;3;1;42.0;52.0;0.446808511
3;1;3;1;3;1;5;1;3;4;1;0;0;3;1;5;1;3;1;4;4;3;1;0;0;0;1;1;3;1;2;3;5;3;4;1;0;0;1;3;1;3;1;1;1;5;4;3;1;0;0;0;3;1;5;5;3;1;4;5;3;1;0;0;1;5;1;3;1;3;1;5;4;4;1;0;0;0;2;1;3;1;3;1;5;4;3;1;1;1;0;5;1;3;3;3;3;5;4;1;1;1;1;1;5;1;5;1;3;1;2;4;3;1;1;1;0;5;1;5;1;4;1;4;4;3;2;0;0;0;5;1;2;1;3;1;5;4;3;1;1;0;1;4;1;5;1;3;1;5;4;4;1;0;1;0;5;1;5;1;3;1;4;4;3;1;0;0;0;4;1;5;1;3;1;5;4;3;1;0;0;0;5;1;2;1;3;1;5;4;3;1;0;0;1;5;1;5;1;3;1;5;5;4;1;1;0;1;5;1;5;1;3;1;5;4;3;1;0;0;0;1;1;5;1;3;1;4;4;4;1;0;1;1;1;1;2;5;2;2;3;2;143.0;178.0;0.445482866
4;5;3;1;3;1;5;4;4;1;0;0;1;3;1;5;1;3;1;5;4;4;3;1;0;1;3;1;3;1;3;1;4;2;4;1;0;0;0;5;1;4;2;3;1;5;4;4;4;0;0;0;5;1;3;5;3;1;5;4;3;1;0;0;0;3;1;3;1;3;1;4;3;5;1;0;0;0;5;5;5;4;3;1;4;4;3;1;0;1;1;5;2;3;1;3;1;4;4;4;1;1;0;0;5;4;3;5;3;1;5;4;3;1;1;1;0;5;1;5;2;5;1;5;4;3;1;0;1;1;5;1;5;1;3;1;5;1;4;1;1;1;0;2;1;5;1;2;4;5;4;3;3;1;0;1;5;1;1;1;3;1;5;4;4;1;0;1;0;4;1;3;4;3;1;5;4;3;1;0;1;0;5;1;2;1;3;1;3;4;3;1;0;0;0;1;1;5;1;3;5;5;4;4;2;0;0;1;5;1;3;1;3;1;5;4;3;1;1;0;1;5;1;5;1;3;2;2;4;3;1;0;1;0;1;1;2;5;2;2;3;2;42.0;53.0;0.442105263
3;1;1;1;3;1;5;1;3;1;0;0;0;3;3;3;5;4;1;5;4;3;3;0;0;0;5;1;5;1;3;1;5;2;4;1;0;1;0;3;1;5;2;3;1;5;4;2;1;1;0;0;3;1;3;5;3;2;5;4;4;1;0;0;0;5;1;3;1;3;1;5;4;3;1;0;0;0;5;1;5;1;3;1;5;4;3;1;1;1;0;5;3;3;1;3;1;5;4;3;3;0;0;0;3;1;5;1;3;2;5;4;3;1;1;1;1;5;1;5;1;4;1;5;1;4;1;0;1;0;3;1;5;1;3;1;4;4;3;1;1;0;0;4;1;5;1;3;1;5;4;3;1;0;1;0;5;1;5;1;3;1;5;3;4;1;0;0;1;5;1;5;1;3;1;2;4;3;2;1;1;1;5;1;2;1;5;1;5;4;3;1;0;1;1;1;1;5;1;3;1;4;5;4;1;0;0;0;5;1;5;1;3;1;5;4;1;1;0;0;1;1;1;3;4;4;1;4;4;3;1;1;1;0;2;1;2;2;2;2;2;1;129.0;163.0;0.4417808219178082
5;3;3;1;3;3;5;4;4;4;1;0;0;4;1;3;1;3;1;4;4;3;1;0;0;0;4;1;3;1;2;1;5;3;4;5;1;0;1;5;1;3;2;3;1;5;4;4;1;0;0;0;4;1;5;1;2;1;5;4;3;1;0;0;0;5;3;3;1;3;4;5;4;4;1;0;0;0;5;5;5;1;3;1;4;4;2;5;1;1;0;5;4;3;1;3;1;5;4;4;1;1;1;0;5;1;3;1;4;1;2;4;3;4;1;1;0;5;1;5;1;4;1;5;4;3;2;0;0;0;5;1;5;1;3;1;4;4;3;5;1;1;0;3;1;1;1;3;4;5;4;4;1;1;1;0;1;1;5;1;3;1;5;4;3;1;0;0;0;4;1;5;4;3;4;4;4;3;1;0;1;0;5;3;3;1;5;1;4;4;4;1;0;0;0;5;1;3;1;3;1;5;4;4;4;1;1;0;5;1;3;1;5;1;5;4;4;1;0;1;1;5;1;5;1;4;1;4;4;3;1;0;1;1;1;1;2;5;2;2;2;1;46.0;59.0;0.438095238
3;1;1;1;3;1;5;1;3;1;0;0;0;3;3;3;5;4;1;5;4;3;3;0;0;0;5;1;5;1;3;1;5;2;4;1;0;1;0;3;1;5;2;3;1;5;4;2;1;1;0;0;3;1;3;5;3;2;5;4;4;1;0;0;0;5;1;3;1;3;1;5;4;3;1;0;0;0;5;1;5;1;3;1;5;4;3;1;1;1;0;5;3;3;1;3;1;5;4;3;3;0;0;0;3;1;5;1;3;2;5;4;3;1;1;1;1;5;1;5;1;4;1;5;1;4;1;0;1;0;3;1;5;1;3;1;4;4;3;1;1;0;0;4;1;5;1;3;1;5;4;3;1;0;1;0;5;1;5;1;3;1;5;3;4;1;0;0;1;5;1;5;1;3;1;2;4;3;2;1;1;1;5;1;2;1;5;1;5;4;3;1;0;1;1;1;1;5;1;3;1;4;5;4;1;0;0;0;5;1;5;1;3;1;5;4;1;1;0;0;1;1;1;3;4;4;1;4;4;3;1;1;1;0;2;1;2;2;2;2;2;1;47.0;61.0;0.435185185
4;1;3;1;3;3;5;4;4;1;0;0;0;3;1;3;1;3;1;5;2;3;1;1;0;0;3;3;5;1;3;1;4;4;4;1;0;0;0;5;1;5;1;3;1;5;4;4;1;0;0;0;5;1;5;1;3;1;5;2;4;1;0;0;0;5;1;3;1;3;1;4;4;4;2;1;0;0;5;1;5;1;3;1;5;4;3;1;1;0;1;5;2;3;1;3;1;4;4;4;1;0;0;0;5;1;3;1;3;1;5;4;3;1;0;0;0;5;4;5;1;3;1;4;4;4;1;1;0;1;3;1;5;4;3;1;4;4;3;1;1;0;0;2;1;5;1;3;1;4;4;4;1;0;0;0;5;1;5;1;3;1;4;4;4;1;0;1;0;5;1;5;1;3;1;4;4;3;1;0;0;0;5;1;5;3;3;1;5;4;4;1;1;0;0;5;1;5;1;3;1;5;5;3;1;1;0;1;5;3;3;1;3;1;5;5;4;1;0;0;1;5;1;5;1;3;1;4;4;3;1;1;1;1;1;1;2;5;2;2;3;1;47.0;63.0;0.427272727
5;1;3;1;3;3;4;4;4;4;1;0;0;1;1;5;5;4;1;4;4;3;1;0;0;0;3;1;5;1;3;1;5;2;4;1;0;0;0;5;1;3;1;3;1;5;4;4;1;1;0;0;5;1;4;5;3;1;4;4;5;1;0;0;0;3;1;3;1;1;1;3;4;4;1;0;0;0;5;1;5;1;3;1;5;4;4;1;1;1;0;5;3;2;3;3;1;4;4;4;1;1;1;1;5;1;3;1;3;1;4;4;3;1;1;0;1;4;1;5;1;3;1;5;4;5;2;1;0;0;5;5;5;1;3;1;5;4;4;1;0;1;1;4;1;5;1;3;1;4;4;3;1;0;1;0;5;1;5;1;4;1;4;4;3;1;0;0;1;3;4;5;1;3;1;5;4;3;1;0;0;0;1;1;2;1;3;1;5;4;3;1;0;0;0;5;1;5;1;3;1;4;4;4;1;1;0;0;5;1;3;5;3;4;5;4;4;1;0;0;1;5;1;5;1;4;1;4;5;3;1;0;1;0;1;1;2;5;2;2;3;2;53.0;74.0;0.417322835
