3;1;3;1;3;1;4;4;4;1;0;0;0;3;1;3;1;3;1;4;4;4;1;0;0;0;3;1;3;1;3;1;4;4;4;1;0;0;0;3;1;3;1;3;1;4;4;4;1;0;0;0;3;1;3;1;3;1;4;4;4;1;0;0;0;3;1;3;1;3;1;4;4;4;1;0;0;0;5;1;3;1;3;1;5;4;4;1;1;1;1;5;1;3;1;3;1;4;4;4;1;1;1;1;5;1;3;1;3;1;4;4;4;1;1;1;1;5;1;3;1;3;1;4;4;4;1;1;1;1;3;1;3;1;3;1;4;4;4;1;1;1;1;3;1;3;1;3;1;4;4;4;1;1;0;1;3;1;3;1;3;1;4;4;4;1;1;1;1;3;1;3;1;3;1;4;4;4;1;1;1;1;5;1;3;1;3;1;4;4;4;1;1;1;0;5;1;3;1;3;1;4;4;4;1;1;1;1;5;1;3;1;3;1;5;4;4;1;1;0;1;5;1;5;1;3;1;4;4;4;1;1;1;1;1;1;2;5;2;2;3;1;66.0;43.0;0.6055045871559633
5;1;3;1;3;1;5;4;1;1;0;0;0;5;1;5;1;3;1;5;4;5;1;0;1;0;5;1;5;3;2;1;5;4;3;1;0;0;0;5;1;5;2;3;1;5;1;3;1;0;0;0;5;4;5;1;3;1;5;4;3;1;0;0;1;5;1;5;1;3;1;5;4;3;1;0;0;1;5;1;5;1;3;1;5;4;3;1;0;0;0;5;2;5;1;3;1;5;3;1;1;1;0;0;5;1;5;2;3;1;5;4;3;1;0;0;1;5;1;5;1;5;1;5;4;3;1;0;0;1;5;1;5;1;3;5;5;4;3;1;0;0;0;5;1;5;1;3;1;5;4;3;1;0;0;0;5;1;5;4;4;1;1;4;3;1;0;0;0;5;1;5;1;3;1;5;4;3;1;0;0;0;5;5;5;1;3;1;5;4;3;1;0;0;0;5;1;5;1;3;1;5;4;3;1;0;0;1;5;1;3;1;3;1;5;4;3;1;0;0;0;5;1;5;1;3;4;5;4;4;1;0;0;0;1;1;2;5;2;2;3;1;64.0;42.0;0.6037735849056604
3;1;3;1;3;1;5;4;3;1;0;0;0;5;1;5;1;3;1;5;4;3;1;0;0;0;3;1;5;1;3;1;5;4;3;1;0;0;0;5;1;5;1;3;1;5;4;4;1;0;0;0;5;1;3;1;3;1;4;4;3;1;0;0;0;5;1;5;1;3;1;4;4;4;1;0;0;0;5;1;3;1;3;1;4;4;4;1;1;1;1;5;1;5;1;3;1;4;4;4;1;1;0;0;5;1;3;1;3;1;5;4;3;1;1;0;0;5;1;5;1;3;1;5;4;4;1;0;1;0;3;1;5;1;3;1;4;4;3;1;1;1;0;5;1;5;1;3;1;4;4;4;1;1;0;1;5;1;5;1;3;1;5;4;3;1;1;1;0;5;1;3;1;3;1;4;4;3;1;0;1;0;5;1;3;1;3;1;5;4;4;1;0;0;0;5;1;5;1;3;1;4;4;4;1;0;1;1;5;1;5;1;3;1;4;4;4;1;0;1;0;5;1;3;1;3;1;5;4;3;1;0;0;0;1;1;2;5;2;2;3;2;73.0;49.0;0.5983606557377049
5;1;3;1;3;1;4;4;4;1;0;0;0;3;1;3;1;3;1;4;4;3;1;0;0;0;3;1;5;1;3;1;4;4;3;1;0;0;0;3;1;3;1;3;3;5;4;4;1;0;0;0;3;1;5;1;3;1;4;4;4;1;0;0;0;3;1;3;1;3;1;4;4;4;1;0;0;0;5;1;3;1;3;2;4;4;4;1;0;1;1;5;1;3;1;3;1;5;4;4;1;1;0;0;5;1;3;1;3;1;4;4;3;1;1;0;1;5;1;3;1;3;1;5;4;3;1;1;0;1;5;1;3;1;3;1;4;4;4;1;1;1;1;3;1;3;1;3;1;4;4;3;1;0;0;0;3;1;1;1;3;1;5;4;4;1;1;1;1;5;1;3;1;3;1;4;4;4;1;0;1;0;5;1;5;1;3;4;4;4;2;1;1;1;0;5;1;3;1;3;4;4;4;3;1;1;1;1;5;1;3;1;3;1;5;4;4;1;1;1;1;5;4;5;1;3;1;4;4;3;1;1;1;0;1;1;2;5;2;2;3;2;68.0;46.0;0.5964912280701754
3;1;3;1;3;1;5;4;4;1;0;0;0;5;1;3;5;3;1;5;4;4;1;0;0;0;5;1;5;1;5;1;5;4;4;1;0;0;0;5;1;3;1;3;1;5;5;4;1;0;0;0;3;1;5;1;3;1;5;4;4;1;1;0;0;3;1;3;1;3;1;4;4;4;1;0;0;0;5;1;3;1;3;1;5;4;4;1;1;1;1;5;1;4;1;3;1;4;4;3;1;1;1;0;5;1;3;1;3;1;5;4;3;1;1;1;1;5;1;5;1;3;1;5;4;4;1;1;0;0;3;1;3;1;3;1;4;4;3;1;1;1;0;3;1;5;1;1;1;5;4;5;1;0;0;1;3;1;3;1;3;1;5;4;3;1;1;1;1;5;1;3;1;3;1;5;4;3;1;1;1;0;3;1;3;1;3;1;4;4;3;1;0;1;0;5;1;5;1;3;1;4;4;3;1;0;1;0;5;1;5;1;3;4;5;4;4;1;0;1;0;5;1;3;1;3;1;4;4;4;1;0;1;0;1;1;2;2;2;2;2;2;60.0;43.0;0.5825242718446602
5;1;3;4;2;3;5;4;3;4;0;0;0;3;1;3;1;3;1;4;4;3;1;0;1;0;5;1;5;1;3;1;5;4;3;1;0;0;1;3;1;3;1;3;1;5;4;4;1;0;0;0;5;1;5;1;3;1;5;1;1;1;0;0;0;5;1;5;1;3;1;5;4;3;1;1;0;0;5;1;5;1;3;1;4;4;3;5;1;0;0;5;1;5;1;3;1;5;4;4;1;0;0;0;5;1;5;1;3;1;5;4;3;1;0;1;1;5;1;5;1;3;1;5;4;3;1;0;0;0;3;1;4;1;3;1;5;4;3;1;0;0;0;5;1;3;1;3;1;5;4;3;1;1;1;0;5;1;5;1;3;1;5;4;3;1;0;0;0;3;1;5;1;3;1;5;4;3;1;0;0;0;5;1;5;1;3;1;5;4;3;1;0;0;0;5;1;5;4;3;1;4;4;4;1;0;0;1;5;3;5;1;3;1;5;4;3;1;0;1;0;5;1;5;1;3;1;5;4;3;1;0;0;0;1;1;2;5;2;2;3;1;57.0;41.0;0.5816326530612245
5;1;3;1;3;1;4;5;3;1;0;0;0;3;1;3;1;3;1;5;4;2;1;0;0;0;3;1;2;1;3;1;4;4;4;1;0;0;0;3;1;3;1;3;1;5;4;4;1;0;0;0;3;1;3;1;3;1;5;4;4;2;0;0;0;5;1;3;1;3;1;5;4;4;1;0;0;0;5;1;2;1;3;1;5;4;3;1;1;1;1;5;1;5;1;3;1;4;4;4;1;0;0;1;5;1;3;1;3;1;4;4;4;1;1;1;0;5;1;3;1;3;1;4;4;3;1;1;0;0;5;1;3;1;3;1;5;4;3;1;1;1;0;5;1;3;1;3;1;5;4;4;1;0;1;0;5;1;3;1;3;1;4;4;4;1;1;1;1;3;1;3;1;3;5;4;4;4;1;1;1;0;5;1;5;1;3;1;5;4;4;1;0;1;1;5;1;5;1;3;1;5;4;4;1;1;1;0;5;1;3;2;3;1;5;4;3;1;1;0;1;5;1;1;1;3;1;4;4;3;1;1;1;1;1;1;2;2;2;2;2;1;65.0;47.0;0.5803571428571429
5;1;3;4;2;3;5;4;3;4;0;0;0;3;1;3;1;3;1;4;4;3;1;0;1;0;5;1;5;1;3;1;5;4;3;1;0;0;1;3;1;3;1;3;1;5;4;4;1;0;0;0;5;1;5;1;3;1;5;1;1;1;0;0;0;5;1;5;1;3;1;5;4;3;1;1;0;0;5;1;5;1;3;1;4;4;3;5;1;0;0;5;1;5;1;3;1;5;4;4;1;0;0;0;5;1;5;1;3;1;5;4;3;1;0;1;1;5;1;5;1;3;1;5;4;3;1;0;0;0;3;1;4;1;3;1;5;4;3;1;0;0;0;5;1;3;1;3;1;5;4;3;1;1;1;0;5;1;5;1;3;1;5;4;3;1;0;0;0;3;1;5;1;3;1;5;4;3;1;0;0;0;5;1;5;1;3;1;5;4;3;1;0;0;0;5;1;5;4;3;1;4;4;4;1;0;0;1;5;3;5;1;3;1;5;4;3;1;0;1;0;5;1;5;1;3;1;5;4;3;1;0;0;0;1;1;2;5;2;2;3;1;62.0;45.0;0.5794392523364486
3;1;3;1;3;1;4;4;4;1;0;0;0;3;1;5;1;3;1;5;4;4;1;0;0;0;3;1;3;1;3;1;5;4;4;1;0;0;0;3;5;3;1;3;1;4;4;4;1;0;0;0;5;1;3;1;3;1;4;4;4;1;0;0;0;3;1;3;1;3;5;5;4;4;1;0;0;0;5;1;3;3;3;1;4;4;4;1;1;1;1;5;1;5;1;3;1;4;4;3;1;1;1;0;5;1;3;1;3;1;5;4;4;1;0;0;1;5;1;3;1;3;1;4;4;4;1;1;1;0;3;1;5;1;3;1;4;4;3;1;1;1;1;3;1;5;1;4;1;4;4;4;1;1;1;1;3;1;3;2;3;1;4;4;4;1;1;1;1;3;1;3;1;3;1;4;4;4;1;1;1;0;5;1;4;1;3;1;4;4;4;1;1;1;1;5;1;3;1;3;1;4;4;4;1;0;1;1;5;1;3;1;3;1;4;4;4;1;0;1;1;5;1;3;1;3;1;4;4;4;1;0;1;1;1;1;2;5;2;2;3;2;66.0;48.0;0.5789473684210527
3;1;2;4;3;1;4;4;3;1;0;0;0;5;1;3;1;3;1;4;4;4;1;0;0;0;3;1;3;1;3;1;5;4;4;1;0;0;0;3;1;3;1;3;1;4;4;4;2;0;0;0;3;1;5;1;3;2;4;4;3;1;0;0;0;5;1;3;1;3;2;4;4;4;1;0;0;0;5;1;3;1;3;1;5;3;4;1;0;1;0;5;1;5;1;3;3;4;4;4;1;1;1;1;5;1;3;1;3;1;5;4;3;4;1;0;1;5;1;5;1;3;1;5;4;1;1;1;1;1;3;1;3;1;3;1;4;4;4;1;1;1;0;3;1;3;1;3;1;4;4;4;1;1;0;1;3;1;3;1;3;1;5;4;4;1;0;1;1;3;1;3;1;3;1;5;4;4;1;1;1;1;3;1;3;1;3;1;4;4;4;1;0;1;0;5;1;5;4;3;1;4;4;3;1;1;1;1;5;1;3;1;3;1;5;4;4;1;1;1;1;5;1;5;1;3;1;4;4;4;1;1;1;1;1;1;2;5;3;2;3;1;67.0;49.0;0.5775862068965517
3;1;3;1;3;1;5;4;4;1;0;0;0;3;1;5;1;3;1;5;4;4;1;0;0;0;3;1;5;1;5;1;1;4;4;1;0;0;0;1;1;5;1;3;1;4;4;3;1;0;0;0;5;1;5;1;3;1;5;4;3;1;0;1;0;5;1;3;1;5;1;4;4;4;1;0;0;0;5;1;3;1;3;1;4;4;4;1;1;0;1;5;1;5;1;3;1;4;4;4;1;1;0;0;5;1;3;1;3;1;2;4;4;1;1;0;0;5;1;3;1;3;1;5;4;2;1;0;1;0;3;1;3;1;3;2;4;4;3;1;1;1;0;5;1;5;1;3;1;4;4;4;1;0;0;1;3;1;5;4;3;1;5;4;3;1;1;1;0;5;1;5;3;5;1;4;4;3;1;1;0;0;1;1;5;1;3;1;4;4;1;1;1;1;0;5;1;5;1;3;1;4;3;3;1;1;1;0;5;1;3;1;3;1;4;4;4;1;0;0;0;5;1;3;1;3;1;5;4;3;1;0;0;0;1;1;2;5;2;1;3;2;67.0;50.0;0.5726495726495726
3;1;3;1;3;1;4;4;4;1;0;0;0;3;2;3;1;3;1;4;2;4;1;0;0;1;5;1;5;1;3;1;5;4;4;1;0;0;0;3;1;3;1;3;1;4;4;3;1;1;0;0;3;1;3;1;3;1;4;4;3;1;0;0;0;5;1;4;1;3;1;4;4;4;1;0;0;0;5;1;3;1;3;1;5;4;4;1;0;1;0;5;1;5;1;3;1;5;4;4;1;1;1;0;5;1;3;1;4;1;4;5;4;1;1;0;0;5;1;3;1;3;1;5;4;4;1;1;0;0;5;1;3;4;3;1;5;4;4;1;0;0;1;3;1;3;1;3;1;5;4;3;1;1;1;1;5;1;4;1;5;1;5;4;4;1;1;1;1;3;1;5;1;3;1;4;4;3;4;1;1;1;5;1;3;1;3;1;5;4;3;1;0;1;0;5;1;3;1;3;1;4;4;4;1;1;1;0;5;1;3;1;3;1;5;4;4;1;0;1;1;5;1;5;1;3;1;5;4;2;1;0;1;1;1;1;2;5;2;2;3;2;64.0;48.0;0.5714285714285714
5;1;3;1;3;1;4;4;4;1;0;0;0;5;1;5;1;3;1;5;4;3;1;0;0;0;3;1;3;1;3;1;5;4;4;1;0;0;0;3;1;5;1;3;1;5;4;3;1;0;0;0;5;1;5;5;3;2;5;4;3;1;0;0;0;3;1;5;1;3;1;5;4;3;1;0;0;0;5;1;3;1;3;1;4;4;3;1;0;1;0;5;1;3;1;3;1;4;4;3;1;1;0;1;5;1;3;1;3;1;4;4;4;1;0;1;0;5;1;5;1;3;1;4;4;3;1;0;1;0;3;1;3;1;3;1;4;4;3;1;1;0;1;3;1;5;1;3;1;5;4;4;1;0;1;0;5;3;3;1;3;1;5;4;4;1;0;0;0;3;1;3;1;3;1;2;4;3;1;0;0;1;5;1;3;1;3;1;4;4;3;1;1;1;0;5;1;3;1;3;1;5;4;3;1;1;1;1;5;1;3;1;3;1;5;4;4;1;0;0;1;5;1;3;1;3;1;4;4;4;1;1;0;0;1;1;2;5;2;2;2;2;64.0;49.0;0.5663716814159292
3;1;3;1;3;1;4;4;4;1;0;0;0;3;2;3;1;3;1;4;2;4;1;0;0;1;5;1;5;1;3;1;5;4;4;1;0;0;0;3;1;3;1;3;1;4;4;3;1;1;0;0;3;1;3;1;3;1;4;4;3;1;0;0;0;5;1;4;1;3;1;4;4;4;1;0;0;0;5;1;3;1;3;1;5;4;4;1;0;1;0;5;1;5;1;3;1;5;4;4;1;1;1;0;5;1;3;1;4;1;4;5;4;1;1;0;0;5;1;3;1;3;1;5;4;4;1;1;0;0;5;1;3;4;3;1;5;4;4;1;0;0;1;3;1;3;1;3;1;5;4;3;1;1;1;1;5;1;4;1;5;1;5;4;4;1;1;1;1;3;1;5;1;3;1;4;4;3;4;1;1;1;5;1;3;1;3;1;5;4;3;1;0;1;0;5;1;3;1;3;1;4;4;4;1;1;1;0;5;1;3;1;3;1;5;4;4;1;0;1;1;5;1;5;1;3;1;5;4;2;1;0;1;1;1;1;2;5;2;2;3;2;57.0;44.0;0.5643564356435643
5;1;3;4;2;3;5;4;3;4;0;0;0;3;1;3;1;3;1;4;4;3;1;0;1;0;5;1;5;1;3;1;5;4;3;1;0;0;1;3;1;3;1;3;1;5;4;4;1;0;0;0;5;1;5;1;3;1;5;1;1;1;0;0;0;5;1;5;1;3;1;5;4;3;1;1;0;0;5;1;5;1;3;1;4;4;3;5;1;0;0;5;1;5;1;3;1;5;4;4;1;0;0;0;5;1;5;1;3;1;5;4;3;1;0;1;1;5;1;5;1;3;1;5;4;3;1;0;0;0;3;1;4;1;3;1;5;4;3;1;0;0;0;5;1;3;1;3;1;5;4;3;1;1;1;0;5;1;5;1;3;1;5;4;3;1;0;0;0;3;1;5;1;3;1;5;4;3;1;0;0;0;5;1;5;1;3;1;5;4;3;1;0;0;0;5;1;5;4;3;1;4;4;4;1;0;0;1;5;3;5;1;3;1;5;4;3;1;0;1;0;5;1;5;1;3;1;5;4;3;1;0;0;0;1;1;2;5;2;2;3;1;63.0;49.0;0.5625
5;1;3;1;3;1;5;4;3;4;0;1;0;3;1;3;1;3;1;5;4;4;1;0;0;0;3;1;3;1;3;1;4;4;4;1;0;0;0;3;1;3;5;3;1;5;4;4;1;0;0;1;5;1;3;1;3;1;5;4;3;1;0;0;0;3;4;3;1;3;1;5;4;3;1;0;0;0;5;1;3;1;3;1;5;4;3;1;0;1;0;5;1;3;3;3;1;4;4;3;1;0;0;0;5;1;5;1;3;1;5;4;3;4;1;0;0;5;1;5;1;3;1;4;1;3;2;0;1;0;3;1;3;1;3;1;5;1;1;1;0;1;0;2;1;5;1;3;1;4;4;4;1;0;0;0;5;1;5;1;3;2;5;4;3;1;0;0;1;5;1;5;1;3;1;4;4;3;1;0;0;0;5;1;2;1;3;1;5;4;4;1;0;0;0;5;1;4;1;3;1;4;4;4;1;0;0;1;5;1;5;1;3;1;5;4;3;2;0;1;1;1;1;5;1;3;2;4;4;3;1;0;1;0;1;1;2;2;2;2;3;1;56.0;44.0;0.56
5;1;3;1;3;1;5;4;1;1;0;0;0;5;1;5;1;3;1;5;4;5;1;0;1;0;5;1;5;3;2;1;5;4;3;1;0;0;0;5;1;5;2;3;1;5;1;3;1;0;0;0;5;4;5;1;3;1;5;4;3;1;0;0;1;5;1;5;1;3;1;5;4;3;1;0;0;1;5;1;5;1;3;1;5;4;3;1;0;0;0;5;2;5;1;3;1;5;3;1;1;1;0;0;5;1;5;2;3;1;5;4;3;1;0;0;1;5;1;5;1;5;1;5;4;3;1;0;0;1;5;1;5;1;3;5;5;4;3;1;0;0;0;5;1;5;1;3;1;5;4;3;1;0;0;0;5;1;5;4;4;1;1;4;3;1;0;0;0;5;1;5;1;3;1;5;4;3;1;0;0;0;5;5;5;1;3;1;5;4;3;1;0;0;0;5;1;5;1;3;1;5;4;3;1;0;0;1;5;1;3;1;3;1;5;4;3;1;0;0;0;5;1;5;1;3;4;5;4;4;1;0;0;0;1;1;2;5;2;2;3;1;57.0;45.0;0.5588235294117647
3;1;3;1;3;1;4;4;4;1;0;0;0;3;1;3;1;3;1;4;4;3;1;0;0;0;3;1;5;1;3;1;4;3;4;1;0;0;0;5;1;3;1;3;1;4;4;4;1;0;0;0;3;1;3;1;3;1;4;4;4;1;0;0;0;3;1;3;1;3;1;4;4;4;1;0;0;0;5;1;3;1;3;1;4;4;4;1;1;1;1;5;1;3;1;3;1;4;4;4;1;1;1;1;5;1;4;1;3;1;4;4;3;1;1;1;1;5;1;3;1;3;1;4;4;4;1;1;0;1;5;1;5;1;3;5;4;4;3;1;1;1;1;3;1;3;1;3;5;4;4;4;1;1;0;1;3;1;3;4;3;1;5;4;4;1;1;1;1;3;1;3;1;3;4;4;4;4;4;1;1;1;5;1;3;1;3;1;4;4;2;1;1;1;0;5;1;3;1;3;1;4;4;4;1;1;1;1;5;1;3;1;3;1;5;4;4;1;1;1;1;5;1;5;1;3;1;4;4;3;1;1;1;1;1;1;2;5;2;2;3;2;67.0;53.0;0.5583333333333333
4;1;1;1;3;1;4;4;3;1;0;0;0;3;1;3;1;3;1;4;4;3;1;0;0;0;2;1;5;1;3;1;5;4;3;1;0;0;0;3;1;3;1;3;1;5;4;4;1;0;0;0;3;1;5;1;3;1;5;4;4;1;0;0;0;5;5;5;1;2;1;5;4;3;1;0;0;0;5;1;5;1;3;1;4;4;3;2;0;0;0;5;1;3;1;3;1;5;4;3;1;1;0;0;5;5;5;1;3;1;5;4;3;1;0;1;0;5;1;5;1;3;1;5;4;3;1;0;1;0;3;1;5;4;3;1;5;4;3;1;1;0;0;3;1;5;1;3;1;5;4;3;1;0;1;1;5;1;5;1;3;1;4;4;3;1;0;0;0;3;1;5;1;3;1;5;4;3;1;1;0;1;5;3;3;1;3;1;4;4;4;1;1;1;0;5;1;3;1;3;5;4;4;3;1;0;0;0;1;1;2;1;3;1;5;4;3;1;0;1;0;5;1;5;1;3;1;3;4;4;1;0;0;1;1;1;3;5;2;2;3;2;53.0;42.0;0.5578947368421052
5;1;3;1;3;1;5;4;3;4;0;1;0;3;1;3;1;3;1;5;4;4;1;0;0;0;3;1;3;1;3;1;4;4;4;1;0;0;0;3;1;3;5;3;1;5;4;4;1;0;0;1;5;1;3;1;3;1;5;4;3;1;0;0;0;3;4;3;1;3;1;5;4;3;1;0;0;0;5;1;3;1;3;1;5;4;3;1;0;1;0;5;1;3;3;3;1;4;4;3;1;0;0;0;5;1;5;1;3;1;5;4;3;4;1;0;0;5;1;5;1;3;1;4;1;3;2;0;1;0;3;1;3;1;3;1;5;1;1;1;0;1;0;2;1;5;1;3;1;4;4;4;1;0;0;0;5;1;5;1;3;2;5;4;3;1;0;0;1;5;1;5;1;3;1;4;4;3;1;0;0;0;5;1;2;1;3;1;5;4;4;1;0;0;0;5;1;4;1;3;1;4;4;4;1;0;0;1;5;1;5;1;3;1;5;4;3;2;0;1;1;1;1;5;1;3;2;4;4;3;1;0;1;0;1;1;2;2;2;2;3;1;63.0;50.0;0.5575221238938053
5;1;5;1;3;1;5;4;3;1;0;0;0;5;1;5;1;3;1;5;4;3;1;0;0;0;3;1;3;1;3;1;4;2;3;1;0;0;0;5;1;5;1;3;1;5;4;3;4;0;0;0;5;1;5;1;2;1;5;4;3;1;0;0;0;5;1;5;1;3;1;5;4;3;1;0;0;0;5;1;3;1;3;1;5;4;3;1;0;0;0;5;1;5;1;3;1;5;1;3;1;0;0;0;5;1;5;1;3;1;4;4;3;1;0;0;0;5;1;5;1;3;1;4;4;4;1;0;0;0;5;1;3;1;3;1;5;4;3;1;1;0;0;3;1;5;1;3;1;5;4;4;1;0;1;1;3;1;3;1;3;1;5;4;3;1;0;0;0;5;1;5;1;3;1;5;4;3;1;1;0;1;5;1;5;1;3;1;4;4;3;3;0;0;0;5;1;3;1;3;1;4;4;3;1;0;0;1;5;1;3;1;3;1;5;4;3;1;0;0;0;5;3;3;1;3;1;5;4;4;1;1;0;0;1;1;2;5;2;2;2;2;66.0;53.0;0.5546218487394958
3;1;3;1;5;1;5;4;3;1;1;0;0;5;1;3;1;3;4;1;4;3;1;0;0;0;5;1;3;1;3;1;4;4;3;1;0;0;0;5;1;3;1;3;1;5;2;3;1;0;0;0;5;1;5;1;3;1;4;4;4;1;0;0;0;5;1;5;1;3;1;5;4;4;1;0;0;0;5;1;3;1;3;1;5;4;3;1;0;1;0;5;2;5;3;3;1;5;4;3;1;0;0;0;5;1;5;1;4;1;5;4;3;1;1;0;0;5;1;3;1;3;1;1;4;3;1;0;1;0;5;1;5;1;3;1;5;4;4;1;1;1;1;5;1;5;1;3;2;5;4;3;1;0;1;1;3;1;5;1;3;1;5;4;3;1;0;0;0;3;1;3;1;5;1;5;4;3;1;1;0;0;5;1;3;1;3;1;5;4;3;1;1;1;0;5;1;5;1;4;1;5;4;3;1;0;1;0;5;1;5;1;3;1;1;4;4;1;1;0;0;5;1;5;1;3;1;4;4;3;1;1;1;0;1;1;2;5;2;3;2;2;61.0;49.0;0.5545454545454546
5;1;5;1;3;1;4;2;3;1;0;0;0;5;1;5;1;3;1;5;4;3;1;0;0;0;5;1;5;1;3;1;5;4;3;1;0;0;0;5;1;5;1;3;1;5;4;3;1;0;0;0;5;1;5;1;3;5;5;4;3;3;0;0;1;2;1;5;1;3;2;5;4;3;2;0;0;0;5;1;5;1;3;5;5;4;3;1;0;0;0;5;1;2;1;1;1;5;4;3;1;0;0;0;5;1;5;1;3;1;5;4;3;1;0;0;0;5;1;5;1;3;1;5;4;3;4;0;0;0;5;1;5;1;3;1;5;4;3;1;0;0;0;5;1;5;1;3;1;5;4;3;1;0;0;0;5;1;5;1;3;1;5;4;3;1;0;0;0;2;1;5;1;3;1;5;4;3;1;0;0;0;5;1;5;2;3;1;5;4;3;1;0;0;0;5;1;3;1;3;1;5;4;3;1;0;0;1;5;1;3;1;3;1;5;4;3;1;0;0;0;5;1;5;1;3;1;5;4;3;1;0;0;0;1;1;2;5;2;2;2;1;51.0;41.0;0.5543478260869565
5;1;5;1;3;2;5;4;4;1;0;0;0;1;1;5;1;3;1;4;4;3;1;0;0;0;5;1;5;1;3;1;5;4;3;1;0;0;0;5;1;5;1;3;5;3;4;4;1;0;0;0;5;1;3;1;2;1;5;4;4;1;0;0;0;5;1;5;1;3;1;5;4;5;1;0;0;0;5;1;5;1;3;1;5;4;3;3;1;0;0;5;1;3;1;3;1;5;4;3;1;1;0;0;5;2;5;1;3;1;4;4;3;1;0;0;1;5;1;5;1;3;1;4;4;4;1;0;0;1;5;1;5;2;3;1;4;4;3;1;0;1;0;5;1;3;1;3;1;4;4;4;1;0;0;0;5;1;3;1;3;1;4;3;4;1;0;0;0;5;1;5;1;5;1;5;4;3;1;1;0;1;5;1;5;5;3;1;5;4;3;1;0;0;0;5;1;5;1;1;1;5;4;3;2;0;0;1;5;1;1;1;3;1;5;4;3;1;0;0;0;5;1;5;1;3;1;5;4;3;1;0;0;0;1;1;2;5;2;2;3;2;54.0;44.0;0.5510204081632653
5;1;3;1;3;1;5;4;3;1;0;0;1;5;1;5;1;3;4;5;4;3;1;0;0;0;5;1;5;1;3;1;5;4;3;1;0;0;0;5;1;5;1;3;1;5;4;3;1;0;0;0;3;1;5;1;3;1;5;4;3;1;0;0;0;5;1;5;1;3;1;5;4;4;1;0;0;0;5;1;5;1;3;1;4;4;3;1;0;0;0;5;1;5;1;3;1;5;4;3;1;0;0;0;5;1;5;3;3;1;5;4;4;1;1;0;0;5;1;5;1;5;1;4;4;3;1;0;0;0;5;1;5;1;3;5;5;4;3;1;1;0;0;5;1;5;1;3;1;5;4;3;1;0;1;0;5;1;3;1;3;1;5;4;4;1;1;0;1;5;1;5;1;3;1;4;4;3;1;0;0;0;5;1;5;1;3;1;3;4;4;1;0;0;1;1;1;5;1;3;1;5;4;3;1;1;0;0;5;1;5;1;3;1;5;4;3;1;0;0;0;5;1;3;1;3;1;4;4;3;1;0;1;0;1;1;2;5;2;2;2;2;55.0;45.0;0.55
3;1;3;1;3;1;5;4;4;1;0;0;0;5;1;3;5;3;1;5;4;4;1;0;0;0;5;1;5;1;5;1;5;4;4;1;0;0;0;5;1;3;1;3;1;5;5;4;1;0;0;0;3;1;5;1;3;1;5;4;4;1;1;0;0;3;1;3;1;3;1;4;4;4;1;0;0;0;5;1;3;1;3;1;5;4;4;1;1;1;1;5;1;4;1;3;1;4;4;3;1;1;1;0;5;1;3;1;3;1;5;4;3;1;1;1;1;5;1;5;1;3;1;5;4;4;1;1;0;0;3;1;3;1;3;1;4;4;3;1;1;1;0;3;1;5;1;1;1;5;4;5;1;0;0;1;3;1;3;1;3;1;5;4;3;1;1;1;1;5;1;3;1;3;1;5;4;3;1;1;1;0;3;1;3;1;3;1;4;4;3;1;0;1;0;5;1;5;1;3;1;4;4;3;1;0;1;0;5;1;5;1;3;4;5;4;4;1;0;1;0;5;1;3;1;3;1;4;4;4;1;0;1;0;1;1;2;2;2;2;2;2;57.0;47.0;0.5480769230769231
5;1;3;1;3;1;5;4;3;4;0;1;0;3;1;3;1;3;1;5;4;4;1;0;0;0;3;1;3;1;3;1;4;4;4;1;0;0;0;3;1;3;5;3;1;5;4;4;1;0;0;1;5;1;3;1;3;1;5;4;3;1;0;0;0;3;4;3;1;3;1;5;4;3;1;0;0;0;5;1;3;1;3;1;5;4;3;1;0;1;0;5;1;3;3;3;1;4;4;3;1;0;0;0;5;1;5;1;3;1;5;4;3;4;1;0;0;5;1;5;1;3;1;4;1;3;2;0;1;0;3;1;3;1;3;1;5;1;1;1;0;1;0;2;1;5;1;3;1;4;4;4;1;0;0;0;5;1;5;1;3;2;5;4;3;1;0;0;1;5;1;5;1;3;1;4;4;3;1;0;0;0;5;1;2;1;3;1;5;4;4;1;0;0;0;5;1;4;1;3;1;4;4;4;1;0;0;1;5;1;5;1;3;1;5;4;3;2;0;1;1;1;1;5;1;3;2;4;4;3;1;0;1;0;1;1;2;2;2;2;3;1;57.0;47.0;0.5480769230769231
5;1;1;1;3;1;4;4;4;1;0;0;0;3;1;5;1;5;1;5;4;2;1;0;1;0;3;1;3;4;3;4;3;4;4;4;0;0;0;3;1;5;1;3;1;4;3;3;1;0;0;0;3;1;1;1;3;1;5;1;4;1;0;0;0;5;1;1;1;3;2;4;2;4;1;0;0;0;5;4;3;1;3;1;4;4;3;1;0;1;0;5;1;3;1;1;1;5;4;4;1;0;1;0;5;1;3;1;3;1;4;1;4;1;1;1;0;5;1;5;1;1;1;4;4;3;1;1;1;0;5;1;4;1;3;1;5;4;3;1;1;1;1;5;1;5;1;3;1;5;1;4;1;0;1;0;5;1;3;1;5;1;5;4;4;1;0;0;0;3;1;5;1;3;1;4;1;5;5;0;1;1;5;1;3;1;2;1;3;4;3;1;1;1;0;2;1;4;1;3;1;5;2;3;4;1;1;1;5;1;3;1;3;4;5;4;3;1;0;1;1;5;1;2;1;3;1;4;4;3;1;0;1;0;1;1;2;5;2;2;3;1;53.0;44.0;0.5463917525773195
3;1;3;1;3;1;5;4;4;1;0;0;0;3;1;3;1;3;1;5;4;3;1;0;0;0;3;1;5;1;3;1;4;4;4;1;0;0;0;3;1;3;1;3;1;4;1;4;1;0;0;0;5;5;5;1;3;1;4;4;4;1;0;0;0;3;1;3;1;3;1;5;4;3;1;0;0;0;5;1;3;1;3;1;4;4;4;1;1;1;1;5;1;3;1;3;1;4;4;3;1;1;1;0;5;1;3;1;3;3;4;4;4;1;1;0;0;5;1;3;1;3;1;4;4;4;1;1;1;0;3;1;5;1;3;1;4;4;4;1;1;0;1;3;1;5;4;3;1;4;1;4;1;1;1;0;5;1;3;1;3;1;4;4;4;1;1;1;1;3;1;3;5;3;1;4;4;4;1;0;1;0;2;1;3;1;3;1;4;4;3;1;1;1;1;5;1;1;1;3;1;4;4;4;1;1;1;1;5;1;5;1;3;1;5;4;4;1;0;1;1;5;1;3;1;3;1;4;4;4;1;0;1;0;1;1;2;4;2;2;3;1;62.0;52.0;0.543859649122807
5;1;5;1;3;4;4;4;3;1;0;0;0;5;1;3;1;3;1;5;4;3;1;0;0;0;3;1;4;1;3;1;3;4;3;1;0;0;0;5;1;5;1;3;1;4;4;4;1;0;0;0;5;1;5;1;3;1;5;4;3;1;0;0;0;5;1;3;1;3;1;5;4;3;4;0;0;0;4;1;5;1;3;1;5;4;3;1;1;0;0;5;1;5;1;3;1;5;4;3;1;0;0;1;5;1;3;1;3;1;5;4;3;1;0;0;0;5;1;5;1;3;1;5;4;1;1;0;0;1;3;1;5;1;3;1;5;4;4;1;1;0;0;3;1;5;1;3;1;4;4;3;1;0;0;0;5;1;5;1;3;1;5;4;4;1;0;0;1;5;1;5;1;3;1;5;4;3;1;0;1;0;5;1;3;1;3;1;5;4;3;1;0;0;0;5;1;5;1;3;1;5;4;3;1;0;1;0;5;1;3;1;3;4;5;4;3;1;1;1;1;5;1;5;1;3;1;4;4;3;1;0;0;0;1;1;2;5;2;2;3;2;57.0;48.0;0.5428571428571428
5;1;5;1;3;1;4;2;3;1;0;0;0;5;1;5;1;3;1;5;4;3;1;0;0;0;5;1;5;1;3;1;5;4;3;1;0;0;0;5;1;5;1;3;1;5;4;3;1;0;0;0;5;1;5;1;3;5;5;4;3;3;0;0;1;2;1;5;1;3;2;5;4;3;2;0;0;0;5;1;5;1;3;5;5;4;3;1;0;0;0;5;1;2;1;1;1;5;4;3;1;0;0;0;5;1;5;1;3;1;5;4;3;1;0;0;0;5;1;5;1;3;1;5;4;3;4;0;0;0;5;1;5;1;3;1;5;4;3;1;0;0;0;5;1;5;1;3;1;5;4;3;1;0;0;0;5;1;5;1;3;1;5;4;3;1;0;0;0;2;1;5;1;3;1;5;4;3;1;0;0;0;5;1;5;2;3;1;5;4;3;1;0;0;0;5;1;3;1;3;1;5;4;3;1;0;0;1;5;1;3;1;3;1;5;4;3;1;0;0;0;5;1;5;1;3;1;5;4;3;1;0;0;0;1;1;2;5;2;2;2;1;46.0;39.0;0.5411764705882353
3;1;3;1;3;1;4;4;1;1;0;0;0;3;1;3;1;3;1;4;1;4;4;0;0;0;3;1;1;1;3;1;4;5;3;4;0;0;0;3;1;3;1;3;1;5;4;5;1;0;0;0;3;1;5;1;3;1;4;2;4;1;0;0;0;5;1;5;1;3;3;4;3;3;1;0;0;0;5;1;3;1;3;3;3;4;4;1;1;1;1;5;1;5;1;3;2;4;4;3;1;1;1;1;5;1;3;1;3;1;1;4;4;1;1;1;1;5;1;3;1;3;1;4;4;4;1;1;1;1;3;1;5;4;3;1;4;3;4;1;1;0;1;3;1;5;1;3;1;4;4;4;1;1;1;0;3;1;5;5;3;1;4;4;4;1;0;1;0;3;1;3;1;3;1;4;4;3;1;1;1;1;5;1;3;1;3;1;3;3;3;1;1;1;1;5;1;3;1;3;5;5;2;4;1;1;1;0;5;1;3;2;3;1;4;4;4;1;0;1;1;5;1;3;1;4;1;4;4;4;1;1;1;1;1;1;1;5;2;2;3;2;60.0;52.0;0.5357142857142857
5;1;3;1;3;1;4;4;3;1;0;1;0;3;1;5;1;3;1;4;4;3;1;0;0;0;3;1;3;1;3;1;5;4;3;1;0;0;0;4;1;5;1;3;1;4;3;3;1;0;0;0;5;1;3;1;3;1;5;4;4;1;0;0;0;5;1;5;1;3;1;5;4;3;1;0;0;0;5;1;5;1;3;1;4;4;4;1;1;1;1;5;1;3;1;3;1;4;4;4;2;1;1;0;5;1;3;1;3;1;5;4;3;1;0;0;1;5;1;3;1;5;1;1;4;4;1;0;0;1;5;1;3;1;3;1;4;4;4;1;0;1;0;5;1;5;1;3;1;4;4;3;1;1;1;1;5;1;5;1;3;1;4;4;3;4;0;0;1;5;1;3;1;3;1;5;4;4;1;1;1;0;5;3;3;1;3;1;4;4;4;1;0;1;1;5;1;5;1;3;1;5;4;3;1;1;1;1;5;1;3;1;3;1;4;4;3;1;0;1;0;5;1;5;3;3;1;5;4;4;1;1;1;1;1;1;2;5;2;2;3;1;60.0;52.0;0.5357142857142857
5;1;3;1;3;1;4;4;4;1;0;0;0;3;1;3;1;3;1;4;4;3;1;0;0;0;3;1;5;1;3;1;4;4;3;1;0;0;0;3;1;3;1;3;3;5;4;4;1;0;0;0;3;1;5;1;3;1;4;4;4;1;0;0;0;3;1;3;1;3;1;4;4;4;1;0;0;0;5;1;3;1;3;2;4;4;4;1;0;1;1;5;1;3;1;3;1;5;4;4;1;1;0;0;5;1;3;1;3;1;4;4;3;1;1;0;1;5;1;3;1;3;1;5;4;3;1;1;0;1;5;1;3;1;3;1;4;4;4;1;1;1;1;3;1;3;1;3;1;4;4;3;1;0;0;0;3;1;1;1;3;1;5;4;4;1;1;1;1;5;1;3;1;3;1;4;4;4;1;0;1;0;5;1;5;1;3;4;4;4;2;1;1;1;0;5;1;3;1;3;4;4;4;3;1;1;1;1;5;1;3;1;3;1;5;4;4;1;1;1;1;5;4;5;1;3;1;4;4;3;1;1;1;0;1;1;2;5;2;2;3;2;62.0;54.0;0.5344827586206896
2;1;5;5;3;1;4;4;3;1;0;0;0;5;1;5;5;3;1;4;4;3;1;1;1;0;5;1;5;1;3;1;5;4;3;5;0;0;0;3;1;4;1;3;1;5;4;3;1;0;0;0;5;1;3;1;4;1;5;4;3;1;0;0;0;5;1;3;1;2;3;4;2;3;1;0;0;0;4;1;5;1;3;1;5;1;4;1;0;0;0;5;1;5;1;3;1;3;4;3;1;0;1;0;3;1;3;1;3;1;5;5;3;1;1;1;0;5;1;3;1;3;1;5;4;3;1;1;0;1;5;1;5;1;3;1;5;4;3;4;0;1;0;5;1;5;2;5;1;5;4;3;1;0;0;0;5;1;5;1;3;1;4;4;3;3;1;0;1;5;2;5;1;3;1;5;4;3;4;1;0;0;5;1;5;1;3;1;5;4;3;1;1;0;1;5;1;3;1;3;1;4;4;3;1;1;0;1;1;1;5;1;3;1;1;4;4;1;0;0;0;5;1;3;1;3;5;5;4;3;1;0;1;0;1;1;2;5;2;2;3;1;55.0;48.0;0.5339805825242718
3;1;3;1;3;1;5;4;4;1;0;0;0;3;1;4;1;3;1;5;4;4;1;0;0;0;3;1;5;1;3;1;5;4;4;1;0;0;0;3;1;5;5;3;1;4;4;3;1;0;0;0;3;4;3;1;3;1;4;4;3;1;0;0;0;5;1;5;1;3;1;4;4;4;1;0;0;1;5;1;3;1;3;1;5;4;3;3;0;1;0;5;1;5;1;3;1;5;4;4;1;1;1;1;5;1;3;1;3;1;4;4;4;1;0;1;0;5;1;3;1;2;1;5;4;4;1;1;0;0;5;1;3;1;3;1;4;3;4;1;0;0;0;3;1;5;1;3;1;5;4;4;1;0;1;1;5;1;3;1;3;1;5;4;4;1;1;1;1;3;1;5;1;3;1;5;5;3;1;1;1;1;5;1;3;1;3;1;5;4;3;1;0;1;0;5;1;5;1;3;1;4;4;2;1;1;1;1;5;1;3;1;1;1;5;4;4;1;1;0;1;5;1;5;1;5;1;5;4;4;1;0;1;1;1;1;2;5;2;2;2;2;58.0;51.0;0.5321100917431193
3;1;3;1;3;1;5;4;4;1;0;0;0;3;1;3;1;3;1;5;4;3;1;0;0;0;3;1;5;1;3;1;5;4;3;1;0;0;0;3;1;5;1;3;1;4;4;5;3;0;0;0;5;1;3;1;3;1;4;4;3;1;0;0;0;3;1;3;1;3;1;2;4;3;4;0;0;0;5;1;3;1;3;1;5;4;3;1;0;1;0;5;4;3;1;3;1;4;1;3;1;1;0;1;5;1;5;2;3;1;4;4;3;1;0;0;1;5;1;3;1;3;1;4;4;3;1;1;1;0;5;1;3;1;3;1;4;4;3;2;0;1;1;3;1;5;1;3;1;5;4;4;2;1;0;1;3;1;3;1;2;1;4;4;4;1;1;0;1;5;1;3;1;3;1;5;4;2;1;0;1;1;5;1;2;1;3;1;4;4;4;1;0;1;1;5;1;5;1;3;1;4;5;4;1;0;0;1;5;1;3;1;3;1;5;4;3;1;1;1;0;5;1;5;1;3;3;4;4;4;1;0;1;0;1;1;2;5;2;2;3;1;59.0;52.0;0.5315315315315315
5;1;5;1;3;1;4;4;4;1;0;0;0;3;1;3;1;3;1;4;4;3;1;0;0;0;3;1;5;1;3;1;4;4;3;1;0;0;0;3;1;3;1;3;1;4;4;4;1;0;0;0;3;1;3;1;3;1;4;4;4;1;0;0;0;3;1;3;1;3;1;4;4;4;1;0;0;0;5;1;5;1;3;1;4;4;3;1;1;1;0;5;1;5;1;3;1;5;4;3;1;1;0;1;5;1;3;1;3;1;4;4;3;1;0;1;0;5;1;3;1;3;1;4;4;4;1;1;0;1;3;1;5;1;3;1;4;4;4;1;1;0;0;3;1;3;1;3;1;4;4;3;1;0;0;1;5;1;5;1;3;1;5;4;4;1;0;1;1;5;1;3;1;3;1;5;4;4;1;1;1;1;5;1;3;1;3;1;5;4;4;1;1;0;1;5;1;5;1;3;1;5;4;3;1;0;1;1;5;1;3;1;3;1;4;4;3;1;1;1;1;5;1;5;1;3;1;4;4;4;1;1;1;0;1;1;2;5;2;2;3;2;64.0;57.0;0.5289256198347108
3;1;2;4;3;1;4;4;3;1;0;0;0;5;1;3;1;3;1;4;4;4;1;0;0;0;3;1;3;1;3;1;5;4;4;1;0;0;0;3;1;3;1;3;1;4;4;4;2;0;0;0;3;1;5;1;3;2;4;4;3;1;0;0;0;5;1;3;1;3;2;4;4;4;1;0;0;0;5;1;3;1;3;1;5;3;4;1;0;1;0;5;1;5;1;3;3;4;4;4;1;1;1;1;5;1;3;1;3;1;5;4;3;4;1;0;1;5;1;5;1;3;1;5;4;1;1;1;1;1;3;1;3;1;3;1;4;4;4;1;1;1;0;3;1;3;1;3;1;4;4;4;1;1;0;1;3;1;3;1;3;1;5;4;4;1;0;1;1;3;1;3;1;3;1;5;4;4;1;1;1;1;3;1;3;1;3;1;4;4;4;1;0;1;0;5;1;5;4;3;1;4;4;3;1;1;1;1;5;1;3;1;3;1;5;4;4;1;1;1;1;5;1;5;1;3;1;4;4;4;1;1;1;1;1;1;2;5;3;2;3;1;65.0;58.0;0.5284552845528455
5;1;3;1;3;1;4;5;3;1;0;0;0;3;1;3;1;3;1;5;4;2;1;0;0;0;3;1;2;1;3;1;4;4;4;1;0;0;0;3;1;3;1;3;1;5;4;4;1;0;0;0;3;1;3;1;3;1;5;4;4;2;0;0;0;5;1;3;1;3;1;5;4;4;1;0;0;0;5;1;2;1;3;1;5;4;3;1;1;1;1;5;1;5;1;3;1;4;4;4;1;0;0;1;5;1;3;1;3;1;4;4;4;1;1;1;0;5;1;3;1;3;1;4;4;3;1;1;0;0;5;1;3;1;3;1;5;4;3;1;1;1;0;5;1;3;1;3;1;5;4;4;1;0;1;0;5;1;3;1;3;1;4;4;4;1;1;1;1;3;1;3;1;3;5;4;4;4;1;1;1;0;5;1;5;1;3;1;5;4;4;1;0;1;1;5;1;5;1;3;1;5;4;4;1;1;1;0;5;1;3;2;3;1;5;4;3;1;1;0;1;5;1;1;1;3;1;4;4;3;1;1;1;1;1;1;2;2;2;2;2;1;57.0;51.0;0.5277777777777778
3;1;3;1;5;1;5;4;3;1;1;0;0;5;1;3;1;3;4;1;4;3;1;0;0;0;5;1;3;1;3;1;4;4;3;1;0;0;0;5;1;3;1;3;1;5;2;3;1;0;0;0;5;1;5;1;3;1;4;4;4;1;0;0;0;5;1;5;1;3;1;5;4;4;1;0;0;0;5;1;3;1;3;1;5;4;3;1;0;1;0;5;2;5;3;3;1;5;4;3;1;0;0;0;5;1;5;1;4;1;5;4;3;1;1;0;0;5;1;3;1;3;1;1;4;3;1;0;1;0;5;1;5;1;3;1;5;4;4;1;1;1;1;5;1;5;1;3;2;5;4;3;1;0;1;1;3;1;5;1;3;1;5;4;3;1;0;0;0;3;1;3;1;5;1;5;4;3;1;1;0;0;5;1;3;1;3;1;5;4;3;1;1;1;0;5;1;5;1;4;1;5;4;3;1;0;1;0;5;1;5;1;3;1;1;4;4;1;1;0;0;5;1;5;1;3;1;4;4;3;1;1;1;0;1;1;2;5;2;3;2;2;57.0;51.0;0.5277777777777778
3;1;3;1;3;1;4;4;4;1;0;0;0;3;1;3;1;3;1;5;4;4;1;0;0;0;3;1;3;1;3;5;4;4;4;1;0;0;0;3;2;3;1;3;1;4;4;4;2;0;0;0;3;1;3;1;3;1;4;4;4;1;0;0;0;3;1;3;1;3;1;4;4;4;1;0;0;0;5;1;3;1;3;1;4;4;4;1;1;1;1;5;1;3;1;3;1;4;4;4;1;1;1;1;5;1;3;1;3;1;4;4;4;1;0;1;1;5;1;3;1;3;1;4;4;4;1;1;1;1;3;1;3;1;3;1;4;4;4;1;1;1;1;3;1;3;1;3;1;4;4;4;1;1;1;1;3;1;3;1;3;1;4;4;4;1;1;1;1;3;1;3;1;3;1;4;4;4;1;1;1;1;5;1;3;1;3;1;4;4;4;1;1;1;1;5;1;3;1;3;1;4;4;4;1;1;1;1;5;1;3;1;3;1;4;4;4;1;0;1;1;5;1;3;1;3;1;4;4;4;1;1;1;1;1;1;2;5;2;2;3;2;59.0;53.0;0.5267857142857143
5;1;5;1;3;1;5;4;3;1;0;0;0;5;1;3;1;3;1;5;4;3;1;0;0;0;5;1;5;1;3;1;5;4;3;1;0;0;0;5;1;5;1;3;1;5;4;3;1;1;0;0;5;1;3;1;3;1;5;4;3;1;0;0;0;5;1;5;1;3;1;5;4;3;1;0;0;0;5;1;3;1;2;1;5;4;3;1;0;0;0;5;1;5;1;3;1;5;4;3;1;0;0;0;5;1;3;1;3;1;5;4;3;1;0;0;0;5;1;5;1;3;1;5;4;3;1;1;0;0;5;1;5;1;3;1;5;4;3;1;0;0;0;5;1;5;1;3;1;5;4;3;1;0;0;0;5;1;5;1;3;1;5;4;3;1;0;0;0;5;1;5;1;3;1;5;4;3;1;0;0;0;5;1;5;1;1;1;5;4;3;1;1;0;0;5;1;3;1;3;1;5;4;4;1;0;0;0;5;5;5;1;3;1;5;4;4;1;0;0;0;5;1;5;1;3;1;5;4;3;1;0;0;0;1;1;2;5;2;2;2;1;60.0;54.0;0.5263157894736842
5;1;5;1;3;1;5;4;3;1;0;0;0;5;1;5;1;3;1;5;4;3;1;0;0;0;3;1;3;1;3;1;4;2;3;1;0;0;0;5;1;5;1;3;1;5;4;3;4;0;0;0;5;1;5;1;2;1;5;4;3;1;0;0;0;5;1;5;1;3;1;5;4;3;1;0;0;0;5;1;3;1;3;1;5;4;3;1;0;0;0;5;1;5;1;3;1;5;1;3;1;0;0;0;5;1;5;1;3;1;4;4;3;1;0;0;0;5;1;5;1;3;1;4;4;4;1;0;0;0;5;1;3;1;3;1;5;4;3;1;1;0;0;3;1;5;1;3;1;5;4;4;1;0;1;1;3;1;3;1;3;1;5;4;3;1;0;0;0;5;1;5;1;3;1;5;4;3;1;1;0;1;5;1;5;1;3;1;4;4;3;3;0;0;0;5;1;3;1;3;1;4;4;3;1;0;0;1;5;1;3;1;3;1;5;4;3;1;0;0;0;5;3;3;1;3;1;5;4;4;1;1;0;0;1;1;2;5;2;2;2;2;56.0;51.0;0.5233644859813084
5;1;3;1;3;1;5;4;3;1;0;0;0;5;5;1;1;3;1;5;4;3;1;0;0;0;3;1;4;1;3;1;5;4;3;1;0;0;0;3;1;5;1;3;1;5;4;2;1;0;0;0;5;1;3;1;3;1;4;4;3;4;0;0;0;3;1;3;1;3;1;5;4;3;1;0;0;0;5;2;5;1;3;1;5;4;3;1;0;1;0;5;1;3;1;3;1;5;4;3;1;1;0;0;5;1;3;1;3;1;4;4;3;1;0;0;0;5;1;3;1;3;1;4;4;3;1;0;1;0;5;1;5;1;3;1;5;4;3;1;0;0;0;3;1;5;1;3;1;5;4;4;1;0;0;0;3;1;5;1;3;1;4;4;4;1;1;1;1;5;1;5;1;3;1;5;4;3;1;0;1;0;5;1;3;1;5;1;4;4;4;1;0;1;1;5;1;5;1;3;1;4;1;4;1;0;0;1;5;1;5;2;3;1;5;4;4;1;0;0;0;5;1;5;1;3;1;4;4;4;1;0;0;0;1;1;2;5;2;2;3;1;47.0;43.0;0.5222222222222223
3;1;5;1;3;1;5;4;3;1;0;1;0;3;1;3;1;3;2;5;1;4;1;0;0;0;3;1;5;1;5;1;5;5;3;4;0;0;1;5;1;5;1;3;4;5;4;3;1;0;0;0;2;1;5;5;4;1;4;4;3;1;0;0;0;5;1;5;1;3;1;5;4;4;1;0;0;0;5;1;5;1;3;1;4;3;4;1;0;1;0;5;1;2;3;1;1;4;4;4;1;0;1;1;5;1;3;1;3;1;4;4;4;1;0;0;1;5;4;5;3;3;1;1;2;4;1;0;0;1;3;2;5;3;3;1;4;4;4;2;1;1;0;5;1;5;1;3;1;1;4;4;1;1;0;1;5;1;3;1;3;1;5;4;3;1;1;1;0;3;1;3;4;3;1;5;4;4;1;0;1;0;5;1;3;1;3;1;4;4;1;1;0;1;0;5;1;5;1;4;1;4;4;4;1;1;1;1;5;1;5;5;3;1;4;4;4;1;0;1;0;5;1;3;3;3;1;1;4;3;1;0;0;0;1;1;2;5;2;2;3;2;62.0;57.0;0.5210084033613446
3;1;5;1;3;1;5;4;3;1;0;1;0;3;1;3;1;3;2;5;1;4;1;0;0;0;3;1;5;1;5;1;5;5;3;4;0;0;1;5;1;5;1;3;4;5;4;3;1;0;0;0;2;1;5;5;4;1;4;4;3;1;0;0;0;5;1;5;1;3;1;5;4;4;1;0;0;0;5;1;5;1;3;1;4;3;4;1;0;1;0;5;1;2;3;1;1;4;4;4;1;0;1;1;5;1;3;1;3;1;4;4;4;1;0;0;1;5;4;5;3;3;1;1;2;4;1;0;0;1;3;2;5;3;3;1;4;4;4;2;1;1;0;5;1;5;1;3;1;1;4;4;1;1;0;1;5;1;3;1;3;1;5;4;3;1;1;1;0;3;1;3;4;3;1;5;4;4;1;0;1;0;5;1;3;1;3;1;4;4;1;1;0;1;0;5;1;5;1;4;1;4;4;4;1;1;1;1;5;1;5;5;3;1;4;4;4;1;0;1;0;5;1;3;3;3;1;1;4;3;1;0;0;0;1;1;2;5;2;2;3;2;58.0;54.0;0.5178571428571429
5;1;5;1;3;1;5;4;3;1;0;0;0;5;1;3;1;3;1;5;4;3;1;0;0;0;5;1;5;1;3;1;5;4;3;1;0;0;0;5;1;5;1;3;1;5;4;3;1;0;0;0;5;1;3;1;3;1;5;4;3;1;0;0;0;5;1;5;1;3;1;5;4;3;1;0;0;0;5;1;5;1;3;1;5;4;3;1;0;0;0;5;1;5;1;3;1;5;4;3;1;0;0;0;5;1;3;1;3;1;5;4;3;1;0;0;0;5;1;5;1;3;1;5;4;3;1;0;0;0;5;5;5;1;3;1;5;4;3;2;0;0;0;5;1;5;1;3;1;5;4;3;1;0;0;0;5;1;5;1;3;1;5;4;3;1;0;0;0;5;1;5;1;4;1;5;4;3;1;0;0;0;5;1;5;1;3;5;5;4;3;1;1;0;0;5;1;3;1;3;1;5;4;3;1;0;0;0;5;1;3;1;3;1;5;4;4;1;0;0;0;5;1;5;1;3;1;5;4;3;1;0;0;0;1;1;2;5;2;2;2;1;59.0;55.0;0.5175438596491229
5;1;3;1;3;1;5;4;3;1;0;0;0;5;5;1;1;3;1;5;4;3;1;0;0;0;3;1;4;1;3;1;5;4;3;1;0;0;0;3;1;5;1;3;1;5;4;2;1;0;0;0;5;1;3;1;3;1;4;4;3;4;0;0;0;3;1;3;1;3;1;5;4;3;1;0;0;0;5;2;5;1;3;1;5;4;3;1;0;1;0;5;1;3;1;3;1;5;4;3;1;1;0;0;5;1;3;1;3;1;4;4;3;1;0;0;0;5;1;3;1;3;1;4;4;3;1;0;1;0;5;1;5;1;3;1;5;4;3;1;0;0;0;3;1;5;1;3;1;5;4;4;1;0;0;0;3;1;5;1;3;1;4;4;4;1;1;1;1;5;1;5;1;3;1;5;4;3;1;0;1;0;5;1;3;1;5;1;4;4;4;1;0;1;1;5;1;5;1;3;1;4;1;4;1;0;0;1;5;1;5;2;3;1;5;4;4;1;0;0;0;5;1;5;1;3;1;4;4;4;1;0;0;0;1;1;2;5;2;2;3;1;61.0;57.0;0.5169491525423728
3;1;3;1;3;1;4;4;1;1;0;0;0;3;1;3;1;3;1;4;1;4;4;0;0;0;3;1;1;1;3;1;4;5;3;4;0;0;0;3;1;3;1;3;1;5;4;5;1;0;0;0;3;1;5;1;3;1;4;2;4;1;0;0;0;5;1;5;1;3;3;4;3;3;1;0;0;0;5;1;3;1;3;3;3;4;4;1;1;1;1;5;1;5;1;3;2;4;4;3;1;1;1;1;5;1;3;1;3;1;1;4;4;1;1;1;1;5;1;3;1;3;1;4;4;4;1;1;1;1;3;1;5;4;3;1;4;3;4;1;1;0;1;3;1;5;1;3;1;4;4;4;1;1;1;0;3;1;5;5;3;1;4;4;4;1;0;1;0;3;1;3;1;3;1;4;4;3;1;1;1;1;5;1;3;1;3;1;3;3;3;1;1;1;1;5;1;3;1;3;5;5;2;4;1;1;1;0;5;1;3;2;3;1;4;4;4;1;0;1;1;5;1;3;1;4;1;4;4;4;1;1;1;1;1;1;1;5;2;2;3;2;46.0;43.0;0.5168539325842697
5;1;5;1;3;2;5;4;4;1;0;0;0;1;1;5;1;3;1;4;4;3;1;0;0;0;5;1;5;1;3;1;5;4;3;1;0;0;0;5;1;5;1;3;5;3;4;4;1;0;0;0;5;1;3;1;2;1;5;4;4;1;0;0;0;5;1;5;1;3;1;5;4;5;1;0;0;0;5;1;5;1;3;1;5;4;3;3;1;0;0;5;1;3;1;3;1;5;4;3;1;1;0;0;5;2;5;1;3;1;4;4;3;1;0;0;1;5;1;5;1;3;1;4;4;4;1;0;0;1;5;1;5;2;3;1;4;4;3;1;0;1;0;5;1;3;1;3;1;4;4;4;1;0;0;0;5;1;3;1;3;1;4;3;4;1;0;0;0;5;1;5;1;5;1;5;4;3;1;1;0;1;5;1;5;5;3;1;5;4;3;1;0;0;0;5;1;5;1;1;1;5;4;3;2;0;0;1;5;1;1;1;3;1;5;4;3;1;0;0;0;5;1;5;1;3;1;5;4;3;1;0;0;0;1;1;2;5;2;2;3;2;53.0;50.0;0.5145631067961165
4;1;1;1;3;1;4;4;3;1;0;0;0;3;1;3;1;3;1;4;4;3;1;0;0;0;2;1;5;1;3;1;5;4;3;1;0;0;0;3;1;3;1;3;1;5;4;4;1;0;0;0;3;1;5;1;3;1;5;4;4;1;0;0;0;5;5;5;1;2;1;5;4;3;1;0;0;0;5;1;5;1;3;1;4;4;3;2;0;0;0;5;1;3;1;3;1;5;4;3;1;1;0;0;5;5;5;1;3;1;5;4;3;1;0;1;0;5;1;5;1;3;1;5;4;3;1;0;1;0;3;1;5;4;3;1;5;4;3;1;1;0;0;3;1;5;1;3;1;5;4;3;1;0;1;1;5;1;5;1;3;1;4;4;3;1;0;0;0;3;1;5;1;3;1;5;4;3;1;1;0;1;5;3;3;1;3;1;4;4;4;1;1;1;0;5;1;3;1;3;5;4;4;3;1;0;0;0;1;1;2;1;3;1;5;4;3;1;0;1;0;5;1;5;1;3;1;3;4;4;1;0;0;1;1;1;3;5;2;2;3;2;39.0;37.0;0.5131578947368421
5;1;3;1;3;1;5;4;3;4;0;1;0;3;1;3;1;3;1;5;4;4;1;0;0;0;3;1;3;1;3;1;4;4;4;1;0;0;0;3;1;3;5;3;1;5;4;4;1;0;0;1;5;1;3;1;3;1;5;4;3;1;0;0;0;3;4;3;1;3;1;5;4;3;1;0;0;0;5;1;3;1;3;1;5;4;3;1;0;1;0;5;1;3;3;3;1;4;4;3;1;0;0;0;5;1;5;1;3;1;5;4;3;4;1;0;0;5;1;5;1;3;1;4;1;3;2;0;1;0;3;1;3;1;3;1;5;1;1;1;0;1;0;2;1;5;1;3;1;4;4;4;1;0;0;0;5;1;5;1;3;2;5;4;3;1;0;0;1;5;1;5;1;3;1;4;4;3;1;0;0;0;5;1;2;1;3;1;5;4;4;1;0;0;0;5;1;4;1;3;1;4;4;4;1;0;0;1;5;1;5;1;3;1;5;4;3;2;0;1;1;1;1;5;1;3;2;4;4;3;1;0;1;0;1;1;2;2;2;2;3;1;49.0;47.0;0.5104166666666666
3;1;3;1;3;1;5;4;4;1;0;0;0;5;1;3;5;3;1;5;4;4;1;0;0;0;5;1;5;1;5;1;5;4;4;1;0;0;0;5;1;3;1;3;1;5;5;4;1;0;0;0;3;1;5;1;3;1;5;4;4;1;1;0;0;3;1;3;1;3;1;4;4;4;1;0;0;0;5;1;3;1;3;1;5;4;4;1;1;1;1;5;1;4;1;3;1;4;4;3;1;1;1;0;5;1;3;1;3;1;5;4;3;1;1;1;1;5;1;5;1;3;1;5;4;4;1;1;0;0;3;1;3;1;3;1;4;4;3;1;1;1;0;3;1;5;1;1;1;5;4;5;1;0;0;1;3;1;3;1;3;1;5;4;3;1;1;1;1;5;1;3;1;3;1;5;4;3;1;1;1;0;3;1;3;1;3;1;4;4;3;1;0;1;0;5;1;5;1;3;1;4;4;3;1;0;1;0;5;1;5;1;3;4;5;4;4;1;0;1;0;5;1;3;1;3;1;4;4;4;1;0;1;0;1;1;2;2;2;2;2;2;50.0;48.0;0.5102040816326531
3;1;3;1;3;1;5;4;4;1;0;0;0;3;1;3;1;3;1;5;4;3;1;0;0;0;3;1;5;1;3;1;4;4;4;1;0;0;0;3;1;3;1;3;1;4;1;4;1;0;0;0;5;5;5;1;3;1;4;4;4;1;0;0;0;3;1;3;1;3;1;5;4;3;1;0;0;0;5;1;3;1;3;1;4;4;4;1;1;1;1;5;1;3;1;3;1;4;4;3;1;1;1;0;5;1;3;1;3;3;4;4;4;1;1;0;0;5;1;3;1;3;1;4;4;4;1;1;1;0;3;1;5;1;3;1;4;4;4;1;1;0;1;3;1;5;4;3;1;4;1;4;1;1;1;0;5;1;3;1;3;1;4;4;4;1;1;1;1;3;1;3;5;3;1;4;4;4;1;0;1;0;2;1;3;1;3;1;4;4;3;1;1;1;1;5;1;1;1;3;1;4;4;4;1;1;1;1;5;1;5;1;3;1;5;4;4;1;0;1;1;5;1;3;1;3;1;4;4;4;1;0;1;0;1;1;2;4;2;2;3;1;53.0;51.0;0.5096153846153846
5;1;5;1;3;1;5;4;3;1;0;0;0;5;1;5;1;3;1;5;4;3;1;0;0;0;5;1;5;1;3;1;5;4;3;1;0;0;0;5;1;5;1;3;1;5;4;3;1;0;0;0;5;1;4;1;3;1;5;4;3;1;0;0;0;5;1;5;3;3;1;5;4;3;1;1;0;0;5;1;5;1;3;1;5;4;3;1;0;0;0;5;1;5;1;3;1;4;4;3;1;1;0;0;5;1;5;1;3;1;5;4;3;1;0;0;0;5;1;5;1;3;1;5;4;3;1;0;0;0;5;2;5;1;3;1;5;4;3;1;0;0;0;5;1;5;2;3;1;5;4;3;3;0;0;0;5;1;5;1;3;1;5;4;3;1;0;0;0;5;1;5;1;3;1;5;4;3;1;0;0;0;5;1;5;4;3;1;5;4;4;1;0;0;0;5;1;5;1;3;1;5;4;1;1;1;0;1;5;1;3;1;3;1;5;4;3;1;0;0;0;5;1;5;2;3;1;5;4;3;1;0;1;0;1;1;2;5;2;2;2;1;48.0;47.0;0.5052631578947369
3;5;3;1;3;1;4;4;4;1;0;0;0;3;1;3;1;3;1;5;4;3;1;0;0;0;3;1;5;1;3;1;4;4;4;4;0;1;0;3;1;3;1;3;1;3;4;4;1;0;0;0;5;1;5;5;3;1;4;4;3;1;0;0;0;5;1;3;1;3;1;5;4;3;1;0;0;0;5;1;3;1;3;1;4;1;1;1;1;1;1;5;1;3;1;5;3;4;4;3;1;1;0;0;5;3;3;1;3;1;5;4;3;2;0;0;0;1;1;3;1;3;5;2;4;3;1;1;0;0;5;1;5;1;3;5;4;4;4;1;1;1;1;2;1;2;1;3;1;5;5;1;1;1;0;0;5;1;3;1;3;3;1;4;5;1;1;1;1;3;1;3;1;1;1;4;5;4;1;0;1;0;5;1;3;3;1;1;4;4;3;5;1;1;0;5;1;5;1;3;1;2;3;4;1;1;1;1;1;1;5;1;3;1;5;4;4;1;0;1;1;5;1;1;1;3;5;5;4;4;1;1;1;0;2;1;2;5;2;2;4;1;50.0;49.0;0.5050505050505051
2;1;5;5;3;1;4;4;3;1;0;0;0;5;1;5;5;3;1;4;4;3;1;1;1;0;5;1;5;1;3;1;5;4;3;5;0;0;0;3;1;4;1;3;1;5;4;3;1;0;0;0;5;1;3;1;4;1;5;4;3;1;0;0;0;5;1;3;1;2;3;4;2;3;1;0;0;0;4;1;5;1;3;1;5;1;4;1;0;0;0;5;1;5;1;3;1;3;4;3;1;0;1;0;3;1;3;1;3;1;5;5;3;1;1;1;0;5;1;3;1;3;1;5;4;3;1;1;0;1;5;1;5;1;3;1;5;4;3;4;0;1;0;5;1;5;2;5;1;5;4;3;1;0;0;0;5;1;5;1;3;1;4;4;3;3;1;0;1;5;2;5;1;3;1;5;4;3;4;1;0;0;5;1;5;1;3;1;5;4;3;1;1;0;1;5;1;3;1;3;1;4;4;3;1;1;0;1;1;1;5;1;3;1;1;4;4;1;0;0;0;5;1;3;1;3;5;5;4;3;1;0;1;0;1;1;2;5;2;2;3;1;54.0;53.0;0.5046728971962616
5;1;5;1;3;2;5;4;4;1;0;0;0;1;1;5;1;3;1;4;4;3;1;0;0;0;5;1;5;1;3;1;5;4;3;1;0;0;0;5;1;5;1;3;5;3;4;4;1;0;0;0;5;1;3;1;2;1;5;4;4;1;0;0;0;5;1;5;1;3;1;5;4;5;1;0;0;0;5;1;5;1;3;1;5;4;3;3;1;0;0;5;1;3;1;3;1;5;4;3;1;1;0;0;5;2;5;1;3;1;4;4;3;1;0;0;1;5;1;5;1;3;1;4;4;4;1;0;0;1;5;1;5;2;3;1;4;4;3;1;0;1;0;5;1;3;1;3;1;4;4;4;1;0;0;0;5;1;3;1;3;1;4;3;4;1;0;0;0;5;1;5;1;5;1;5;4;3;1;1;0;1;5;1;5;5;3;1;5;4;3;1;0;0;0;5;1;5;1;1;1;5;4;3;2;0;0;1;5;1;1;1;3;1;5;4;3;1;0;0;0;5;1;5;1;3;1;5;4;3;1;0;0;0;1;1;2;5;2;2;3;2;55.0;54.0;0.5045871559633027
5;1;3;1;3;1;5;4;1;1;0;0;0;5;1;5;1;3;1;5;4;5;1;0;1;0;5;1;5;3;2;1;5;4;3;1;0;0;0;5;1;5;2;3;1;5;1;3;1;0;0;0;5;4;5;1;3;1;5;4;3;1;0;0;1;5;1;5;1;3;1;5;4;3;1;0;0;1;5;1;5;1;3;1;5;4;3;1;0;0;0;5;2;5;1;3;1;5;3;1;1;1;0;0;5;1;5;2;3;1;5;4;3;1;0;0;1;5;1;5;1;5;1;5;4;3;1;0;0;1;5;1;5;1;3;5;5;4;3;1;0;0;0;5;1;5;1;3;1;5;4;3;1;0;0;0;5;1;5;4;4;1;1;4;3;1;0;0;0;5;1;5;1;3;1;5;4;3;1;0;0;0;5;5;5;1;3;1;5;4;3;1;0;0;0;5;1;5;1;3;1;5;4;3;1;0;0;1;5;1;3;1;3;1;5;4;3;1;0;0;0;5;1;5;1;3;4;5;4;4;1;0;0;0;1;1;2;5;2;2;3;1;57.0;57.0;0.5
5;1;5;1;3;1;5;4;3;1;0;0;0;5;1;5;1;3;1;5;4;3;1;0;0;0;5;1;5;1;3;1;5;4;3;1;0;0;0;5;1;5;1;3;1;5;4;3;1;0;0;0;5;1;5;1;3;1;5;4;3;1;0;0;0;5;1;5;1;3;1;5;4;3;1;0;0;0;5;1;5;1;3;1;5;4;3;1;0;0;0;5;1;5;1;3;1;5;4;3;1;0;0;0;5;1;5;1;3;1;5;4;3;1;0;0;0;5;1;5;1;3;1;5;4;3;1;0;0;0;5;1;5;1;3;1;5;4;3;1;0;0;0;5;1;5;1;3;1;5;4;3;1;0;0;0;5;1;5;1;3;1;5;4;3;1;0;0;0;5;1;5;1;3;1;5;4;3;1;0;0;0;5;1;5;1;3;1;5;4;3;1;0;0;0;5;1;5;1;3;1;5;4;3;1;0;0;0;5;1;5;1;3;1;5;4;3;1;0;0;0;5;1;5;1;3;1;5;4;3;1;0;0;0;1;1;2;5;2;2;2;1;55.0;55.0;0.5
5;1;1;1;3;1;4;4;4;1;0;0;0;3;1;5;1;5;1;5;4;2;1;0;1;0;3;1;3;4;3;4;3;4;4;4;0;0;0;3;1;5;1;3;1;4;3;3;1;0;0;0;3;1;1;1;3;1;5;1;4;1;0;0;0;5;1;1;1;3;2;4;2;4;1;0;0;0;5;4;3;1;3;1;4;4;3;1;0;1;0;5;1;3;1;1;1;5;4;4;1;0;1;0;5;1;3;1;3;1;4;1;4;1;1;1;0;5;1;5;1;1;1;4;4;3;1;1;1;0;5;1;4;1;3;1;5;4;3;1;1;1;1;5;1;5;1;3;1;5;1;4;1;0;1;0;5;1;3;1;5;1;5;4;4;1;0;0;0;3;1;5;1;3;1;4;1;5;5;0;1;1;5;1;3;1;2;1;3;4;3;1;1;1;0;2;1;4;1;3;1;5;2;3;4;1;1;1;5;1;3;1;3;4;5;4;3;1;0;1;1;5;1;2;1;3;1;4;4;3;1;0;1;0;1;1;2;5;2;2;3;1;53.0;53.0;0.5
2;1;5;5;3;1;4;4;3;1;0;0;0;5;1;5;5;3;1;4;4;3;1;1;1;0;5;1;5;1;3;1;5;4;3;5;0;0;0;3;1;4;1;3;1;5;4;3;1;0;0;0;5;1;3;1;4;1;5;4;3;1;0;0;0;5;1;3;1;2;3;4;2;3;1;0;0;0;4;1;5;1;3;1;5;1;4;1;0;0;0;5;1;5;1;3;1;3;4;3;1;0;1;0;3;1;3;1;3;1;5;5;3;1;1;1;0;5;1;3;1;3;1;5;4;3;1;1;0;1;5;1;5;1;3;1;5;4;3;4;0;1;0;5;1;5;2;5;1;5;4;3;1;0;0;0;5;1;5;1;3;1;4;4;3;3;1;0;1;5;2;5;1;3;1;5;4;3;4;1;0;0;5;1;5;1;3;1;5;4;3;1;1;0;1;5;1;3;1;3;1;4;4;3;1;1;0;1;1;1;5;1;3;1;1;4;4;1;0;0;0;5;1;3;1;3;5;5;4;3;1;0;1;0;1;1;2;5;2;2;3;1;52.0;52.0;0.5
5;1;3;1;3;1;5;4;3;5;0;0;0;5;1;5;1;3;1;5;4;3;1;0;0;0;5;1;5;1;3;1;5;4;3;1;0;0;0;5;1;1;1;3;1;5;4;3;1;0;0;0;5;1;5;1;3;1;5;4;3;1;0;1;0;5;1;5;1;3;1;2;3;3;1;0;0;0;5;1;5;1;3;1;5;4;1;1;0;0;0;5;1;4;1;3;1;4;4;3;1;0;0;0;5;1;3;1;3;1;3;4;3;1;0;0;0;5;1;5;1;3;1;4;4;3;1;0;0;0;5;5;3;1;3;1;5;4;1;1;0;0;0;5;1;5;1;3;1;5;4;4;1;0;1;1;5;1;5;1;3;1;5;4;3;5;0;0;0;5;1;5;5;3;1;5;4;3;1;1;0;1;5;1;5;1;3;1;3;4;4;1;0;0;0;5;1;3;1;2;1;5;4;3;1;1;0;1;5;1;3;1;3;1;5;4;3;1;1;0;0;5;1;5;1;3;1;5;4;4;1;0;1;0;1;1;2;5;2;2;2;2;52.0;52.0;0.5
5;1;1;1;3;1;4;4;4;1;0;0;0;3;1;5;1;5;1;5;4;2;1;0;1;0;3;1;3;4;3;4;3;4;4;4;0;0;0;3;1;5;1;3;1;4;3;3;1;0;0;0;3;1;1;1;3;1;5;1;4;1;0;0;0;5;1;1;1;3;2;4;2;4;1;0;0;0;5;4;3;1;3;1;4;4;3;1;0;1;0;5;1;3;1;1;1;5;4;4;1;0;1;0;5;1;3;1;3;1;4;1;4;1;1;1;0;5;1;5;1;1;1;4;4;3;1;1;1;0;5;1;4;1;3;1;5;4;3;1;1;1;1;5;1;5;1;3;1;5;1;4;1;0;1;0;5;1;3;1;5;1;5;4;4;1;0;0;0;3;1;5;1;3;1;4;1;5;5;0;1;1;5;1;3;1;2;1;3;4;3;1;1;1;0;2;1;4;1;3;1;5;2;3;4;1;1;1;5;1;3;1;3;4;5;4;3;1;0;1;1;5;1;2;1;3;1;4;4;3;1;0;1;0;1;1;2;5;2;2;3;1;49.0;49.0;0.5
5;1;5;1;3;1;5;4;3;1;0;0;0;5;1;5;1;3;1;5;4;3;1;0;0;1;5;1;5;1;3;1;5;4;3;1;0;0;0;5;1;5;1;3;1;5;5;3;1;0;0;0;5;1;5;1;3;1;5;4;3;1;0;0;0;5;1;5;1;3;1;5;4;3;1;0;0;0;5;1;5;1;3;1;5;4;3;1;0;0;0;5;1;5;1;3;1;5;4;3;1;0;0;0;5;1;5;1;3;1;5;4;3;1;0;0;0;5;1;5;1;3;1;5;4;3;1;0;0;0;5;4;5;1;3;1;5;4;3;4;0;0;0;5;1;5;1;3;1;5;4;3;1;0;0;0;3;1;5;1;3;1;5;4;3;1;0;0;0;5;1;5;1;3;1;5;4;3;1;0;0;0;5;1;5;1;3;1;5;4;3;1;0;0;0;3;1;5;1;3;1;5;4;3;1;0;0;0;5;3;5;1;3;1;5;4;5;1;0;0;0;5;1;5;1;3;1;5;4;3;1;0;0;0;1;1;2;5;1;2;2;1;48.0;48.0;0.5
3;1;3;1;3;1;4;4;1;1;0;0;0;3;1;3;1;3;1;4;1;4;4;0;0;0;3;1;1;1;3;1;4;5;3;4;0;0;0;3;1;3;1;3;1;5;4;5;1;0;0;0;3;1;5;1;3;1;4;2;4;1;0;0;0;5;1;5;1;3;3;4;3;3;1;0;0;0;5;1;3;1;3;3;3;4;4;1;1;1;1;5;1;5;1;3;2;4;4;3;1;1;1;1;5;1;3;1;3;1;1;4;4;1;1;1;1;5;1;3;1;3;1;4;4;4;1;1;1;1;3;1;5;4;3;1;4;3;4;1;1;0;1;3;1;5;1;3;1;4;4;4;1;1;1;0;3;1;5;5;3;1;4;4;4;1;0;1;0;3;1;3;1;3;1;4;4;3;1;1;1;1;5;1;3;1;3;1;3;3;3;1;1;1;1;5;1;3;1;3;5;5;2;4;1;1;1;0;5;1;3;2;3;1;4;4;4;1;0;1;1;5;1;3;1;4;1;4;4;4;1;1;1;1;1;1;1;5;2;2;3;2;51.0;52.0;0.49514563106796117
3;1;2;1;3;1;5;4;4;1;0;0;0;3;1;3;1;3;1;4;4;3;1;0;0;0;3;1;5;1;3;1;5;4;1;1;0;0;0;5;1;5;1;2;1;2;3;4;1;0;0;0;5;1;5;3;3;1;5;4;3;1;0;0;1;3;1;3;1;1;1;4;4;4;5;0;0;0;5;1;3;4;3;1;4;4;4;2;0;1;0;5;1;3;1;3;1;4;4;4;1;1;0;0;5;1;3;1;4;1;1;4;4;5;1;0;0;5;1;5;1;3;1;5;4;3;3;1;0;0;3;1;3;1;3;1;1;4;3;1;1;1;0;5;1;5;1;3;1;5;4;3;1;0;0;0;3;1;5;1;3;1;5;4;3;1;1;1;0;4;1;3;1;3;1;4;4;3;1;0;1;0;5;1;5;1;3;1;4;3;3;1;0;1;0;5;1;5;1;3;5;5;4;3;1;1;1;0;5;4;5;1;3;1;5;4;4;1;0;0;0;5;1;3;1;3;1;5;4;3;1;0;1;0;1;4;2;5;2;2;2;3;50.0;51.0;0.49504950495049505
3;1;2;1;3;1;5;4;4;1;0;0;0;3;1;3;1;3;1;4;4;3;1;0;0;0;3;1;5;1;3;1;5;4;1;1;0;0;0;5;1;5;1;2;1;2;3;4;1;0;0;0;5;1;5;3;3;1;5;4;3;1;0;0;1;3;1;3;1;1;1;4;4;4;5;0;0;0;5;1;3;4;3;1;4;4;4;2;0;1;0;5;1;3;1;3;1;4;4;4;1;1;0;0;5;1;3;1;4;1;1;4;4;5;1;0;0;5;1;5;1;3;1;5;4;3;3;1;0;0;3;1;3;1;3;1;1;4;3;1;1;1;0;5;1;5;1;3;1;5;4;3;1;0;0;0;3;1;5;1;3;1;5;4;3;1;1;1;0;4;1;3;1;3;1;4;4;3;1;0;1;0;5;1;5;1;3;1;4;3;3;1;0;1;0;5;1;5;1;3;5;5;4;3;1;1;1;0;5;4;5;1;3;1;5;4;4;1;0;0;0;5;1;3;1;3;1;5;4;3;1;0;1;0;1;4;2;5;2;2;2;3;50.0;52.0;0.49019607843137253
4;1;1;1;3;1;4;4;3;1;0;0;0;3;1;3;1;3;1;4;4;3;1;0;0;0;2;1;5;1;3;1;5;4;3;1;0;0;0;3;1;3;1;3;1;5;4;4;1;0;0;0;3;1;5;1;3;1;5;4;4;1;0;0;0;5;5;5;1;2;1;5;4;3;1;0;0;0;5;1;5;1;3;1;4;4;3;2;0;0;0;5;1;3;1;3;1;5;4;3;1;1;0;0;5;5;5;1;3;1;5;4;3;1;0;1;0;5;1;5;1;3;1;5;4;3;1;0;1;0;3;1;5;4;3;1;5;4;3;1;1;0;0;3;1;5;1;3;1;5;4;3;1;0;1;1;5;1;5;1;3;1;4;4;3;1;0;0;0;3;1;5;1;3;1;5;4;3;1;1;0;1;5;3;3;1;3;1;4;4;4;1;1;1;0;5;1;3;1;3;5;4;4;3;1;0;0;0;1;1;2;1;3;1;5;4;3;1;0;1;0;5;1;5;1;3;1;3;4;4;1;0;0;1;1;1;3;5;2;2;3;2;49.0;51.0;0.49
5;1;5;1;3;1;5;4;3;1;0;0;0;5;1;3;1;3;1;4;4;3;1;0;0;0;5;1;5;1;3;1;5;4;3;1;0;0;0;5;1;5;1;3;1;4;4;4;1;0;0;0;5;1;3;1;3;1;5;4;3;1;0;0;0;5;1;4;1;3;1;5;4;3;1;0;0;0;5;2;3;1;3;1;5;4;4;1;0;0;0;5;1;5;1;3;1;5;4;3;1;0;0;0;5;1;3;1;3;1;5;4;2;1;0;0;0;5;1;5;3;3;1;5;4;3;1;1;0;0;5;1;5;1;3;1;5;4;3;1;0;0;0;5;1;5;1;1;1;5;4;3;1;0;0;0;5;1;5;2;3;1;5;4;3;1;0;0;0;5;1;5;1;3;1;5;4;3;1;0;0;0;5;1;5;1;3;1;5;4;3;1;0;0;1;5;1;2;1;3;1;5;4;5;1;0;1;1;5;1;5;1;3;1;5;4;4;5;0;0;0;5;1;5;1;3;1;5;4;3;1;0;1;0;1;1;2;5;2;2;3;1;54.0;57.0;0.4864864864864865
5;1;3;1;3;1;5;4;3;1;0;0;0;3;1;5;1;3;1;5;4;3;1;0;0;0;5;1;5;1;3;1;5;4;3;1;0;1;0;5;1;2;1;3;1;5;4;4;1;0;0;0;3;1;5;1;3;3;5;4;4;1;0;0;0;5;1;5;1;5;1;4;4;4;1;0;0;0;5;1;5;1;3;1;4;4;3;1;1;0;0;3;1;3;1;5;1;5;4;3;1;1;0;0;5;1;5;1;3;1;5;4;4;1;1;0;0;5;1;5;1;3;1;4;4;3;1;0;1;1;5;1;5;1;3;1;4;4;3;1;1;0;0;5;1;5;1;3;1;5;4;4;1;0;1;0;5;1;3;1;3;1;5;4;4;1;0;0;1;3;1;5;1;3;1;4;4;3;1;0;0;0;5;1;3;1;2;1;5;4;4;1;0;0;1;5;1;3;1;3;1;1;4;3;1;1;0;1;1;1;3;1;2;1;4;4;5;1;0;0;0;5;1;3;4;3;4;4;4;2;1;0;1;1;5;1;2;5;2;2;3;2;52.0;55.0;0.48598130841121495
5;1;3;1;3;1;4;4;4;1;0;0;0;5;1;5;1;3;1;5;4;3;1;0;0;0;3;1;3;1;3;1;5;4;4;1;0;0;0;3;1;5;1;3;1;5;4;3;1;0;0;0;5;1;5;5;3;2;5;4;3;1;0;0;0;3;1;5;1;3;1;5;4;3;1;0;0;0;5;1;3;1;3;1;4;4;3;1;0;1;0;5;1;3;1;3;1;4;4;3;1;1;0;1;5;1;3;1;3;1;4;4;4;1;0;1;0;5;1;5;1;3;1;4;4;3;1;0;1;0;3;1;3;1;3;1;4;4;3;1;1;0;1;3;1;5;1;3;1;5;4;4;1;0;1;0;5;3;3;1;3;1;5;4;4;1;0;0;0;3;1;3;1;3;1;2;4;3;1;0;0;1;5;1;3;1;3;1;4;4;3;1;1;1;0;5;1;3;1;3;1;5;4;3;1;1;1;1;5;1;3;1;3;1;5;4;4;1;0;0;1;5;1;3;1;3;1;4;4;4;1;1;0;0;1;1;2;5;2;2;2;2;52.0;55.0;0.48598130841121495
3;1;3;1;3;1;4;4;4;1;0;0;0;3;1;5;1;3;1;5;4;4;1;0;0;0;3;1;3;1;3;1;5;4;4;1;0;0;0;3;5;3;1;3;1;4;4;4;1;0;0;0;5;1;3;1;3;1;4;4;4;1;0;0;0;3;1;3;1;3;5;5;4;4;1;0;0;0;5;1;3;3;3;1;4;4;4;1;1;1;1;5;1;5;1;3;1;4;4;3;1;1;1;0;5;1;3;1;3;1;5;4;4;1;0;0;1;5;1;3;1;3;1;4;4;4;1;1;1;0;3;1;5;1;3;1;4;4;3;1;1;1;1;3;1;5;1;4;1;4;4;4;1;1;1;1;3;1;3;2;3;1;4;4;4;1;1;1;1;3;1;3;1;3;1;4;4;4;1;1;1;0;5;1;4;1;3;1;4;4;4;1;1;1;1;5;1;3;1;3;1;4;4;4;1;0;1;1;5;1;3;1;3;1;4;4;4;1;0;1;1;5;1;3;1;3;1;4;4;4;1;0;1;1;1;1;2;5;2;2;3;2;51.0;54.0;0.4857142857142857
3;1;3;1;3;1;5;4;4;1;0;0;0;3;1;5;1;3;1;5;4;4;1;0;0;0;3;1;5;1;5;1;1;4;4;1;0;0;0;1;1;5;1;3;1;4;4;3;1;0;0;0;5;1;5;1;3;1;5;4;3;1;0;1;0;5;1;3;1;5;1;4;4;4;1;0;0;0;5;1;3;1;3;1;4;4;4;1;1;0;1;5;1;5;1;3;1;4;4;4;1;1;0;0;5;1;3;1;3;1;2;4;4;1;1;0;0;5;1;3;1;3;1;5;4;2;1;0;1;0;3;1;3;1;3;2;4;4;3;1;1;1;0;5;1;5;1;3;1;4;4;4;1;0;0;1;3;1;5;4;3;1;5;4;3;1;1;1;0;5;1;5;3;5;1;4;4;3;1;1;0;0;1;1;5;1;3;1;4;4;1;1;1;1;0;5;1;5;1;3;1;4;3;3;1;1;1;0;5;1;3;1;3;1;4;4;4;1;0;0;0;5;1;3;1;3;1;5;4;3;1;0;0;0;1;1;2;5;2;1;3;2;65.0;69.0;0.48507462686567165
5;1;3;1;3;1;5;4;3;5;0;0;0;5;1;5;1;3;1;5;4;3;1;0;0;0;5;1;5;1;3;1;5;4;3;1;0;0;0;5;1;1;1;3;1;5;4;3;1;0;0;0;5;1;5;1;3;1;5;4;3;1;0;1;0;5;1;5;1;3;1;2;3;3;1;0;0;0;5;1;5;1;3;1;5;4;1;1;0;0;0;5;1;4;1;3;1;4;4;3;1;0;0;0;5;1;3;1;3;1;3;4;3;1;0;0;0;5;1;5;1;3;1;4;4;3;1;0;0;0;5;5;3;1;3;1;5;4;1;1;0;0;0;5;1;5;1;3;1;5;4;4;1;0;1;1;5;1;5;1;3;1;5;4;3;5;0;0;0;5;1;5;5;3;1;5;4;3;1;1;0;1;5;1;5;1;3;1;3;4;4;1;0;0;0;5;1;3;1;2;1;5;4;3;1;1;0;1;5;1;3;1;3;1;5;4;3;1;1;0;0;5;1;5;1;3;1;5;4;4;1;0;1;0;1;1;2;5;2;2;2;2;45.0;48.0;0.4838709677419355
3;1;5;1;3;1;5;4;3;1;0;1;0;3;1;3;1;3;2;5;1;4;1;0;0;0;3;1;5;1;5;1;5;5;3;4;0;0;1;5;1;5;1;3;4;5;4;3;1;0;0;0;2;1;5;5;4;1;4;4;3;1;0;0;0;5;1;5;1;3;1;5;4;4;1;0;0;0;5;1;5;1;3;1;4;3;4;1;0;1;0;5;1;2;3;1;1;4;4;4;1;0;1;1;5;1;3;1;3;1;4;4;4;1;0;0;1;5;4;5;3;3;1;1;2;4;1;0;0;1;3;2;5;3;3;1;4;4;4;2;1;1;0;5;1;5;1;3;1;1;4;4;1;1;0;1;5;1;3;1;3;1;5;4;3;1;1;1;0;3;1;3;4;3;1;5;4;4;1;0;1;0;5;1;3;1;3;1;4;4;1;1;0;1;0;5;1;5;1;4;1;4;4;4;1;1;1;1;5;1;5;5;3;1;4;4;4;1;0;1;0;5;1;3;3;3;1;1;4;3;1;0;0;0;1;1;2;5;2;2;3;2;54.0;58.0;0.48214285714285715
3;1;2;1;3;1;5;4;4;1;0;0;0;3;1;3;1;3;1;4;4;3;1;0;0;0;3;1;5;1;3;1;5;4;1;1;0;0;0;5;1;5;1;2;1;2;3;4;1;0;0;0;5;1;5;3;3;1;5;4;3;1;0;0;1;3;1;3;1;1;1;4;4;4;5;0;0;0;5;1;3;4;3;1;4;4;4;2;0;1;0;5;1;3;1;3;1;4;4;4;1;1;0;0;5;1;3;1;4;1;1;4;4;5;1;0;0;5;1;5;1;3;1;5;4;3;3;1;0;0;3;1;3;1;3;1;1;4;3;1;1;1;0;5;1;5;1;3;1;5;4;3;1;0;0;0;3;1;5;1;3;1;5;4;3;1;1;1;0;4;1;3;1;3;1;4;4;3;1;0;1;0;5;1;5;1;3;1;4;3;3;1;0;1;0;5;1;5;1;3;5;5;4;3;1;1;1;0;5;4;5;1;3;1;5;4;4;1;0;0;0;5;1;3;1;3;1;5;4;3;1;0;1;0;1;4;2;5;2;2;2;3;51.0;55.0;0.4811320754716981
5;1;3;1;3;1;5;4;1;1;0;0;0;5;1;5;1;3;1;5;4;5;1;0;1;0;5;1;5;3;2;1;5;4;3;1;0;0;0;5;1;5;2;3;1;5;1;3;1;0;0;0;5;4;5;1;3;1;5;4;3;1;0;0;1;5;1;5;1;3;1;5;4;3;1;0;0;1;5;1;5;1;3;1;5;4;3;1;0;0;0;5;2;5;1;3;1;5;3;1;1;1;0;0;5;1;5;2;3;1;5;4;3;1;0;0;1;5;1;5;1;5;1;5;4;3;1;0;0;1;5;1;5;1;3;5;5;4;3;1;0;0;0;5;1;5;1;3;1;5;4;3;1;0;0;0;5;1;5;4;4;1;1;4;3;1;0;0;0;5;1;5;1;3;1;5;4;3;1;0;0;0;5;5;5;1;3;1;5;4;3;1;0;0;0;5;1;5;1;3;1;5;4;3;1;0;0;1;5;1;3;1;3;1;5;4;3;1;0;0;0;5;1;5;1;3;4;5;4;4;1;0;0;0;1;1;2;5;2;2;3;1;50.0;54.0;0.4807692307692308
3;5;3;1;3;1;4;4;4;1;0;0;0;3;1;3;1;3;1;5;4;3;1;0;0;0;3;1;5;1;3;1;4;4;4;4;0;1;0;3;1;3;1;3;1;3;4;4;1;0;0;0;5;1;5;5;3;1;4;4;3;1;0;0;0;5;1;3;1;3;1;5;4;3;1;0;0;0;5;1;3;1;3;1;4;1;1;1;1;1;1;5;1;3;1;5;3;4;4;3;1;1;0;0;5;3;3;1;3;1;5;4;3;2;0;0;0;1;1;3;1;3;5;2;4;3;1;1;0;0;5;1;5;1;3;5;4;4;4;1;1;1;1;2;1;2;1;3;1;5;5;1;1;1;0;0;5;1;3;1;3;3;1;4;5;1;1;1;1;3;1;3;1;1;1;4;5;4;1;0;1;0;5;1;3;3;1;1;4;4;3;5;1;1;0;5;1;5;1;3;1;2;3;4;1;1;1;1;1;1;5;1;3;1;5;4;4;1;0;1;1;5;1;1;1;3;5;5;4;4;1;1;1;0;2;1;2;5;2;2;4;1;48.0;52.0;0.48
5;1;5;1;3;1;5;4;3;1;0;0;0;5;1;3;1;3;1;4;4;3;1;0;0;0;5;1;5;1;3;1;5;4;3;1;0;0;0;5;1;5;1;3;1;4;4;4;1;0;0;0;5;1;3;1;3;1;5;4;3;1;0;0;0;5;1;4;1;3;1;5;4;3;1;0;0;0;5;2;3;1;3;1;5;4;4;1;0;0;0;5;1;5;1;3;1;5;4;3;1;0;0;0;5;1;3;1;3;1;5;4;2;1;0;0;0;5;1;5;3;3;1;5;4;3;1;1;0;0;5;1;5;1;3;1;5;4;3;1;0;0;0;5;1;5;1;1;1;5;4;3;1;0;0;0;5;1;5;2;3;1;5;4;3;1;0;0;0;5;1;5;1;3;1;5;4;3;1;0;0;0;5;1;5;1;3;1;5;4;3;1;0;0;1;5;1;2;1;3;1;5;4;5;1;0;1;1;5;1;5;1;3;1;5;4;4;5;0;0;0;5;1;5;1;3;1;5;4;3;1;0;1;0;1;1;2;5;2;2;3;1;56.0;61.0;0.47863247863247865
3;1;3;1;5;1;5;4;3;1;1;0;0;5;1;3;1;3;4;1;4;3;1;0;0;0;5;1;3;1;3;1;4;4;3;1;0;0;0;5;1;3;1;3;1;5;2;3;1;0;0;0;5;1;5;1;3;1;4;4;4;1;0;0;0;5;1;5;1;3;1;5;4;4;1;0;0;0;5;1;3;1;3;1;5;4;3;1;0;1;0;5;2;5;3;3;1;5;4;3;1;0;0;0;5;1;5;1;4;1;5;4;3;1;1;0;0;5;1;3;1;3;1;1;4;3;1;0;1;0;5;1;5;1;3;1;5;4;4;1;1;1;1;5;1;5;1;3;2;5;4;3;1;0;1;1;3;1;5;1;3;1;5;4;3;1;0;0;0;3;1;3;1;5;1;5;4;3;1;1;0;0;5;1;3;1;3;1;5;4;3;1;1;1;0;5;1;5;1;4;1;5;4;3;1;0;1;0;5;1;5;1;3;1;1;4;4;1;1;0;0;5;1;5;1;3;1;4;4;3;1;1;1;0;1;1;2;5;2;3;2;2;56.0;61.0;0.47863247863247865
3;1;3;1;3;1;5;4;4;1;0;0;0;3;1;3;1;3;1;5;4;3;1;0;0;0;3;1;5;1;3;1;5;4;3;1;0;0;0;3;1;5;1;3;1;4;4;5;3;0;0;0;5;1;3;1;3;1;4;4;3;1;0;0;0;3;1;3;1;3;1;2;4;3;4;0;0;0;5;1;3;1;3;1;5;4;3;1;0;1;0;5;4;3;1;3;1;4;1;3;1;1;0;1;5;1;5;2;3;1;4;4;3;1;0;0;1;5;1;3;1;3;1;4;4;3;1;1;1;0;5;1;3;1;3;1;4;4;3;2;0;1;1;3;1;5;1;3;1;5;4;4;2;1;0;1;3;1;3;1;2;1;4;4;4;1;1;0;1;5;1;3;1;3;1;5;4;2;1;0;1;1;5;1;2;1;3;1;4;4;4;1;0;1;1;5;1;5;1;3;1;4;5;4;1;0;0;1;5;1;3;1;3;1;5;4;3;1;1;1;0;5;1;5;1;3;3;4;4;4;1;0;1;0;1;1;2;5;2;2;3;1;54.0;59.0;0.4778761061946903
5;1;3;1;3;1;4;4;3;1;0;1;0;3;1;5;1;3;1;4;4;3;1;0;0;0;3;1;3;1;3;1;5;4;3;1;0;0;0;4;1;5;1;3;1;4;3;3;1;0;0;0;5;1;3;1;3;1;5;4;4;1;0;0;0;5;1;5;1;3;1;5;4;3;1;0;0;0;5;1;5;1;3;1;4;4;4;1;1;1;1;5;1;3;1;3;1;4;4;4;2;1;1;0;5;1;3;1;3;1;5;4;3;1;0;0;1;5;1;3;1;5;1;1;4;4;1;0;0;1;5;1;3;1;3;1;4;4;4;1;0;1;0;5;1;5;1;3;1;4;4;3;1;1;1;1;5;1;5;1;3;1;4;4;3;4;0;0;1;5;1;3;1;3;1;5;4;4;1;1;1;0;5;3;3;1;3;1;4;4;4;1;0;1;1;5;1;5;1;3;1;5;4;3;1;1;1;1;5;1;3;1;3;1;4;4;3;1;0;1;0;5;1;5;3;3;1;5;4;4;1;1;1;1;1;1;2;5;2;2;3;1;61.0;68.0;0.4728682170542636
5;1;5;1;3;4;4;4;3;1;0;0;0;5;1;3;1;3;1;5;4;3;1;0;0;0;3;1;4;1;3;1;3;4;3;1;0;0;0;5;1;5;1;3;1;4;4;4;1;0;0;0;5;1;5;1;3;1;5;4;3;1;0;0;0;5;1;3;1;3;1;5;4;3;4;0;0;0;4;1;5;1;3;1;5;4;3;1;1;0;0;5;1;5;1;3;1;5;4;3;1;0;0;1;5;1;3;1;3;1;5;4;3;1;0;0;0;5;1;5;1;3;1;5;4;1;1;0;0;1;3;1;5;1;3;1;5;4;4;1;1;0;0;3;1;5;1;3;1;4;4;3;1;0;0;0;5;1;5;1;3;1;5;4;4;1;0;0;1;5;1;5;1;3;1;5;4;3;1;0;1;0;5;1;3;1;3;1;5;4;3;1;0;0;0;5;1;5;1;3;1;5;4;3;1;0;1;0;5;1;3;1;3;4;5;4;3;1;1;1;1;5;1;5;1;3;1;4;4;3;1;0;0;0;1;1;2;5;2;2;3;2;50.0;56.0;0.4716981132075472
3;1;5;3;3;2;5;4;3;1;0;0;0;3;1;3;1;3;1;4;1;3;1;0;0;0;3;1;5;1;5;5;4;4;3;1;0;0;0;3;3;3;1;3;1;4;4;4;1;0;0;0;3;1;3;1;3;1;5;4;4;1;0;0;0;3;1;3;1;3;1;5;4;4;2;0;0;0;5;1;3;1;3;1;5;3;4;1;0;1;1;5;1;3;1;3;1;5;5;3;1;0;1;0;5;1;3;1;3;3;5;4;3;1;1;0;1;5;1;3;1;3;1;5;4;3;5;0;0;1;5;1;4;1;3;1;5;4;2;1;1;0;1;3;1;3;1;3;5;4;4;3;1;0;0;0;5;1;5;1;3;1;4;4;3;1;1;1;0;5;1;3;1;3;1;5;4;4;1;1;1;0;5;1;3;1;3;1;5;3;4;1;1;1;1;5;1;5;1;3;5;5;4;3;1;0;1;0;5;1;5;1;3;1;5;4;4;1;0;1;0;5;1;4;1;3;1;4;4;2;1;0;0;1;5;1;1;5;2;2;4;2;48.0;54.0;0.47058823529411764
3;1;5;1;3;1;5;4;3;1;0;1;0;3;1;3;1;3;2;5;1;4;1;0;0;0;3;1;5;1;5;1;5;5;3;4;0;0;1;5;1;5;1;3;4;5;4;3;1;0;0;0;2;1;5;5;4;1;4;4;3;1;0;0;0;5;1;5;1;3;1;5;4;4;1;0;0;0;5;1;5;1;3;1;4;3;4;1;0;1;0;5;1;2;3;1;1;4;4;4;1;0;1;1;5;1;3;1;3;1;4;4;4;1;0;0;1;5;4;5;3;3;1;1;2;4;1;0;0;1;3;2;5;3;3;1;4;4;4;2;1;1;0;5;1;5;1;3;1;1;4;4;1;1;0;1;5;1;3;1;3;1;5;4;3;1;1;1;0;3;1;3;4;3;1;5;4;4;1;0;1;0;5;1;3;1;3;1;4;4;1;1;0;1;0;5;1;5;1;4;1;4;4;4;1;1;1;1;5;1;5;5;3;1;4;4;4;1;0;1;0;5;1;3;3;3;1;1;4;3;1;0;0;0;1;1;2;5;2;2;3;2;55.0;62.0;0.4700854700854701
3;5;3;1;3;1;4;4;4;1;0;0;0;3;1;3;1;3;1;5;4;3;1;0;0;0;3;1;5;1;3;1;4;4;4;4;0;1;0;3;1;3;1;3;1;3;4;4;1;0;0;0;5;1;5;5;3;1;4;4;3;1;0;0;0;5;1;3;1;3;1;5;4;3;1;0;0;0;5;1;3;1;3;1;4;1;1;1;1;1;1;5;1;3;1;5;3;4;4;3;1;1;0;0;5;3;3;1;3;1;5;4;3;2;0;0;0;1;1;3;1;3;5;2;4;3;1;1;0;0;5;1;5;1;3;5;4;4;4;1;1;1;1;2;1;2;1;3;1;5;5;1;1;1;0;0;5;1;3;1;3;3;1;4;5;1;1;1;1;3;1;3;1;1;1;4;5;4;1;0;1;0;5;1;3;3;1;1;4;4;3;5;1;1;0;5;1;5;1;3;1;2;3;4;1;1;1;1;1;1;5;1;3;1;5;4;4;1;0;1;1;5;1;1;1;3;5;5;4;4;1;1;1;0;2;1;2;5;2;2;4;1;47.0;53.0;0.47
3;5;3;1;3;1;4;4;4;1;0;0;0;3;1;3;1;3;1;5;4;3;1;0;0;0;3;1;5;1;3;1;4;4;4;4;0;1;0;3;1;3;1;3;1;3;4;4;1;0;0;0;5;1;5;5;3;1;4;4;3;1;0;0;0;5;1;3;1;3;1;5;4;3;1;0;0;0;5;1;3;1;3;1;4;1;1;1;1;1;1;5;1;3;1;5;3;4;4;3;1;1;0;0;5;3;3;1;3;1;5;4;3;2;0;0;0;1;1;3;1;3;5;2;4;3;1;1;0;0;5;1;5;1;3;5;4;4;4;1;1;1;1;2;1;2;1;3;1;5;5;1;1;1;0;0;5;1;3;1;3;3;1;4;5;1;1;1;1;3;1;3;1;1;1;4;5;4;1;0;1;0;5;1;3;3;1;1;4;4;3;5;1;1;0;5;1;5;1;3;1;2;3;4;1;1;1;1;1;1;5;1;3;1;5;4;4;1;0;1;1;5;1;1;1;3;5;5;4;4;1;1;1;0;2;1;2;5;2;2;4;1;44.0;50.0;0.46808510638297873
5;1;1;1;3;1;4;4;4;1;0;0;0;3;1;5;1;5;1;5;4;2;1;0;1;0;3;1;3;4;3;4;3;4;4;4;0;0;0;3;1;5;1;3;1;4;3;3;1;0;0;0;3;1;1;1;3;1;5;1;4;1;0;0;0;5;1;1;1;3;2;4;2;4;1;0;0;0;5;4;3;1;3;1;4;4;3;1;0;1;0;5;1;3;1;1;1;5;4;4;1;0;1;0;5;1;3;1;3;1;4;1;4;1;1;1;0;5;1;5;1;1;1;4;4;3;1;1;1;0;5;1;4;1;3;1;5;4;3;1;1;1;1;5;1;5;1;3;1;5;1;4;1;0;1;0;5;1;3;1;5;1;5;4;4;1;0;0;0;3;1;5;1;3;1;4;1;5;5;0;1;1;5;1;3;1;2;1;3;4;3;1;1;1;0;2;1;4;1;3;1;5;2;3;4;1;1;1;5;1;3;1;3;4;5;4;3;1;0;1;1;5;1;2;1;3;1;4;4;3;1;0;1;0;1;1;2;5;2;2;3;1;47.0;54.0;0.46534653465346537
2;1;5;5;3;1;4;4;3;1;0;0;0;5;1;5;5;3;1;4;4;3;1;1;1;0;5;1;5;1;3;1;5;4;3;5;0;0;0;3;1;4;1;3;1;5;4;3;1;0;0;0;5;1;3;1;4;1;5;4;3;1;0;0;0;5;1;3;1;2;3;4;2;3;1;0;0;0;4;1;5;1;3;1;5;1;4;1;0;0;0;5;1;5;1;3;1;3;4;3;1;0;1;0;3;1;3;1;3;1;5;5;3;1;1;1;0;5;1;3;1;3;1;5;4;3;1;1;0;1;5;1;5;1;3;1;5;4;3;4;0;1;0;5;1;5;2;5;1;5;4;3;1;0;0;0;5;1;5;1;3;1;4;4;3;3;1;0;1;5;2;5;1;3;1;5;4;3;4;1;0;0;5;1;5;1;3;1;5;4;3;1;1;0;1;5;1;3;1;3;1;4;4;3;1;1;0;1;1;1;5;1;3;1;1;4;4;1;0;0;0;5;1;3;1;3;5;5;4;3;1;0;1;0;1;1;2;5;2;2;3;1;51.0;60.0;0.4594594594594595
5;1;1;1;3;1;4;4;4;1;0;0;0;3;1;5;1;5;1;5;4;2;1;0;1;0;3;1;3;4;3;4;3;4;4;4;0;0;0;3;1;5;1;3;1;4;3;3;1;0;0;0;3;1;1;1;3;1;5;1;4;1;0;0;0;5;1;1;1;3;2;4;2;4;1;0;0;0;5;4;3;1;3;1;4;4;3;1;0;1;0;5;1;3;1;1;1;5;4;4;1;0;1;0;5;1;3;1;3;1;4;1;4;1;1;1;0;5;1;5;1;1;1;4;4;3;1;1;1;0;5;1;4;1;3;1;5;4;3;1;1;1;1;5;1;5;1;3;1;5;1;4;1;0;1;0;5;1;3;1;5;1;5;4;4;1;0;0;0;3;1;5;1;3;1;4;1;5;5;0;1;1;5;1;3;1;2;1;3;4;3;1;1;1;0;2;1;4;1;3;1;5;2;3;4;1;1;1;5;1;3;1;3;4;5;4;3;1;0;1;1;5;1;2;1;3;1;4;4;3;1;0;1;0;1;1;2;5;2;2;3;1;51.0;60.0;0.4594594594594595
5;1;1;1;3;1;4;4;4;1;0;0;0;3;1;5;1;5;1;5;4;2;1;0;1;0;3;1;3;4;3;4;3;4;4;4;0;0;0;3;1;5;1;3;1;4;3;3;1;0;0;0;3;1;1;1;3;1;5;1;4;1;0;0;0;5;1;1;1;3;2;4;2;4;1;0;0;0;5;4;3;1;3;1;4;4;3;1;0;1;0;5;1;3;1;1;1;5;4;4;1;0;1;0;5;1;3;1;3;1;4;1;4;1;1;1;0;5;1;5;1;1;1;4;4;3;1;1;1;0;5;1;4;1;3;1;5;4;3;1;1;1;1;5;1;5;1;3;1;5;1;4;1;0;1;0;5;1;3;1;5;1;5;4;4;1;0;0;0;3;1;5;1;3;1;4;1;5;5;0;1;1;5;1;3;1;2;1;3;4;3;1;1;1;0;2;1;4;1;3;1;5;2;3;4;1;1;1;5;1;3;1;3;4;5;4;3;1;0;1;1;5;1;2;1;3;1;4;4;3;1;0;1;0;1;1;2;5;2;2;3;1;49.0;58.0;0.45794392523364486
3;1;5;3;3;2;5;4;3;1;0;0;0;3;1;3;1;3;1;4;1;3;1;0;0;0;3;1;5;1;5;5;4;4;3;1;0;0;0;3;3;3;1;3;1;4;4;4;1;0;0;0;3;1;3;1;3;1;5;4;4;1;0;0;0;3;1;3;1;3;1;5;4;4;2;0;0;0;5;1;3;1;3;1;5;3;4;1;0;1;1;5;1;3;1;3;1;5;5;3;1;0;1;0;5;1;3;1;3;3;5;4;3;1;1;0;1;5;1;3;1;3;1;5;4;3;5;0;0;1;5;1;4;1;3;1;5;4;2;1;1;0;1;3;1;3;1;3;5;4;4;3;1;0;0;0;5;1;5;1;3;1;4;4;3;1;1;1;0;5;1;3;1;3;1;5;4;4;1;1;1;0;5;1;3;1;3;1;5;3;4;1;1;1;1;5;1;5;1;3;5;5;4;3;1;0;1;0;5;1;5;1;3;1;5;4;4;1;0;1;0;5;1;4;1;3;1;4;4;2;1;0;0;1;5;1;1;5;2;2;4;2;48.0;58.0;0.4528301886792453
3;1;3;1;3;1;4;4;1;1;0;0;0;3;1;3;1;3;1;4;1;4;4;0;0;0;3;1;1;1;3;1;4;5;3;4;0;0;0;3;1;3;1;3;1;5;4;5;1;0;0;0;3;1;5;1;3;1;4;2;4;1;0;0;0;5;1;5;1;3;3;4;3;3;1;0;0;0;5;1;3;1;3;3;3;4;4;1;1;1;1;5;1;5;1;3;2;4;4;3;1;1;1;1;5;1;3;1;3;1;1;4;4;1;1;1;1;5;1;3;1;3;1;4;4;4;1;1;1;1;3;1;5;4;3;1;4;3;4;1;1;0;1;3;1;5;1;3;1;4;4;4;1;1;1;0;3;1;5;5;3;1;4;4;4;1;0;1;0;3;1;3;1;3;1;4;4;3;1;1;1;1;5;1;3;1;3;1;3;3;3;1;1;1;1;5;1;3;1;3;5;5;2;4;1;1;1;0;5;1;3;2;3;1;4;4;4;1;0;1;1;5;1;3;1;4;1;4;4;4;1;1;1;1;1;1;1;5;2;2;3;2;54.0;66.0;0.45
3;1;3;4;3;1;4;4;3;1;0;0;0;3;1;3;1;3;1;4;4;3;1;0;0;0;5;1;3;1;1;1;5;4;3;1;0;0;0;5;1;5;1;3;1;4;4;3;3;0;0;0;5;1;3;1;4;3;2;3;4;1;0;0;0;3;2;1;1;3;1;5;4;4;1;0;0;0;5;1;2;3;3;4;5;1;4;1;0;1;1;5;1;3;1;3;1;3;5;3;1;0;1;0;5;1;5;5;3;2;5;4;4;1;1;1;0;5;1;5;1;3;1;4;4;3;1;1;1;1;5;1;3;1;3;1;5;4;4;1;1;1;1;3;1;3;1;3;1;4;4;4;1;1;0;1;5;1;4;1;3;2;4;4;1;1;1;0;0;5;1;3;1;3;1;3;5;3;1;0;1;0;5;1;3;1;3;1;5;3;5;1;1;1;1;5;1;5;1;3;5;5;4;3;1;0;0;1;5;1;5;2;3;1;5;4;4;1;1;1;0;5;1;4;1;3;1;5;4;4;1;0;0;1;5;1;1;5;2;1;3;1;43.0;56.0;0.43434343434343436
3;1;3;1;3;1;5;4;4;1;0;0;0;3;1;3;1;3;1;5;4;3;1;0;0;0;3;1;5;1;3;1;5;4;3;1;0;0;0;3;1;5;1;3;1;4;4;5;3;0;0;0;5;1;3;1;3;1;4;4;3;1;0;0;0;3;1;3;1;3;1;2;4;3;4;0;0;0;5;1;3;1;3;1;5;4;3;1;0;1;0;5;4;3;1;3;1;4;1;3;1;1;0;1;5;1;5;2;3;1;4;4;3;1;0;0;1;5;1;3;1;3;1;4;4;3;1;1;1;0;5;1;3;1;3;1;4;4;3;2;0;1;1;3;1;5;1;3;1;5;4;4;2;1;0;1;3;1;3;1;2;1;4;4;4;1;1;0;1;5;1;3;1;3;1;5;4;2;1;0;1;1;5;1;2;1;3;1;4;4;4;1;0;1;1;5;1;5;1;3;1;4;5;4;1;0;0;1;5;1;3;1;3;1;5;4;3;1;1;1;0;5;1;5;1;3;3;4;4;4;1;0;1;0;1;1;2;5;2;2;3;1;48.0;63.0;0.43243243243243246
5;1;3;1;3;1;5;4;3;1;0;0;0;3;1;5;1;3;1;5;4;3;1;0;0;0;5;1;5;1;3;1;5;4;3;1;0;1;0;5;1;2;1;3;1;5;4;4;1;0;0;0;3;1;5;1;3;3;5;4;4;1;0;0;0;5;1;5;1;5;1;4;4;4;1;0;0;0;5;1;5;1;3;1;4;4;3;1;1;0;0;3;1;3;1;5;1;5;4;3;1;1;0;0;5;1;5;1;3;1;5;4;4;1;1;0;0;5;1;5;1;3;1;4;4;3;1;0;1;1;5;1;5;1;3;1;4;4;3;1;1;0;0;5;1;5;1;3;1;5;4;4;1;0;1;0;5;1;3;1;3;1;5;4;4;1;0;0;1;3;1;5;1;3;1;4;4;3;1;0;0;0;5;1;3;1;2;1;5;4;4;1;0;0;1;5;1;3;1;3;1;1;4;3;1;1;0;1;1;1;3;1;2;1;4;4;5;1;0;0;0;5;1;3;4;3;4;4;4;2;1;0;1;1;5;1;2;5;2;2;3;2;43.0;57.0;0.43
3;1;3;1;3;1;5;4;4;1;0;0;0;3;1;4;1;3;1;5;4;4;1;0;0;0;3;1;5;1;3;1;5;4;4;1;0;0;0;3;1;5;5;3;1;4;4;3;1;0;0;0;3;4;3;1;3;1;4;4;3;1;0;0;0;5;1;5;1;3;1;4;4;4;1;0;0;1;5;1;3;1;3;1;5;4;3;3;0;1;0;5;1;5;1;3;1;5;4;4;1;1;1;1;5;1;3;1;3;1;4;4;4;1;0;1;0;5;1;3;1;2;1;5;4;4;1;1;0;0;5;1;3;1;3;1;4;3;4;1;0;0;0;3;1;5;1;3;1;5;4;4;1;0;1;1;5;1;3;1;3;1;5;4;4;1;1;1;1;3;1;5;1;3;1;5;5;3;1;1;1;1;5;1;3;1;3;1;5;4;3;1;0;1;0;5;1;5;1;3;1;4;4;2;1;1;1;1;5;1;3;1;1;1;5;4;4;1;1;0;1;5;1;5;1;5;1;5;4;4;1;0;1;1;1;1;2;5;2;2;2;2;48.0;65.0;0.4247787610619469
3;1;3;4;3;1;4;4;3;1;0;0;0;3;1;3;1;3;1;4;4;3;1;0;0;0;5;1;3;1;1;1;5;4;3;1;0;0;0;5;1;5;1;3;1;4;4;3;3;0;0;0;5;1;3;1;4;3;2;3;4;1;0;0;0;3;2;1;1;3;1;5;4;4;1;0;0;0;5;1;2;3;3;4;5;1;4;1;0;1;1;5;1;3;1;3;1;3;5;3;1;0;1;0;5;1;5;5;3;2;5;4;4;1;1;1;0;5;1;5;1;3;1;4;4;3;1;1;1;1;5;1;3;1;3;1;5;4;4;1;1;1;1;3;1;3;1;3;1;4;4;4;1;1;0;1;5;1;4;1;3;2;4;4;1;1;1;0;0;5;1;3;1;3;1;3;5;3;1;0;1;0;5;1;3;1;3;1;5;3;5;1;1;1;1;5;1;5;1;3;5;5;4;3;1;0;0;1;5;1;5;2;3;1;5;4;4;1;1;1;0;5;1;4;1;3;1;5;4;4;1;0;0;1;5;1;1;5;2;1;3;1;40.0;55.0;0.42105263157894735
